DENOM_CIA,SETOR_ATIV,ANO_ARQUIVO,VL_CONTA,VL_CONTA_REAIS,VL_CONTA_BI
COSAN S.A.,"Agricultura (Açúcar, Álcool e Cana)",2021,14519180.0,14519180000.0,14.51918
SLC AGRICOLA S.A.,"Agricultura (Açúcar, Álcool e Cana)",2021,1641707.0,1641707000.0,1.641707
SAO MARTINHO S.A.,"Agricultura (Açúcar, Álcool e Cana)",2021,1566134.0,1566134000.0,1.566134
RAIZEN ENERGIA S.A.,"Agricultura (Açúcar, Álcool e Cana)",2021,867927.0,867927000.0,0.867927
BRASILAGRO - CIA BRAS DE PROP AGRICOLAS,"Agricultura (Açúcar, Álcool e Cana)",2021,437200.0,437200000.0,0.4372
CERRADINHO BIOENERGIA S.A.,"Agricultura (Açúcar, Álcool e Cana)",2021,373326.0,373326000.0,0.373326
JALLES MACHADO S.A.,"Agricultura (Açúcar, Álcool e Cana)",2021,246973.0,246973000.0,0.246973
VITTIA S.A.,"Agricultura (Açúcar, Álcool e Cana)",2021,193673.0,193673000.0,0.193673
CTC - CENTRO DE TECNOLOGIA CANAVIEIRA S.A.,"Agricultura (Açúcar, Álcool e Cana)",2021,127789.0,127789000.0,0.127789
TERRA SANTA PROPRIEDADES AGRÍCOLAS S.A.,"Agricultura (Açúcar, Álcool e Cana)",2021,74737.0,74737000.0,0.074737
NUTRIPLANT INDUSTRIA E COMERCIO S.A.,"Agricultura (Açúcar, Álcool e Cana)",2021,10124.0,10124000.0,0.010124
POMIFRUTAS S/A EM RECUPERACAO JUDICIAL,"Agricultura (Açúcar, Álcool e Cana)",2021,2447.0,2447000.0,0.002447
BIOSEV S.A.,"Agricultura (Açúcar, Álcool e Cana)",2021,-1388206.0,-1388206000.0,-1.388206
JBS S.A.,Alimentos,2021,25184602.0,25184602000.0,25.184602
MARFRIG GLOBAL FOODS S.A.,Alimentos,2021,11177231.0,11177231000.0,11.177231
MINERVA S.A.,Alimentos,2021,1295971.0,1295971000.0,1.295971
M.DIAS BRANCO S.A. IND COM DE ALIMENTOS,Alimentos,2021,1268830.0,1268830000.0,1.26883
CAMIL ALIMENTOS S.A.,Alimentos,2021,702304.0,702304000.0,0.702304
CARAMURU ALIMENTOS S.A.,Alimentos,2021,575710.0,575710000.0,0.57571
J. MACEDO S.A.,Alimentos,2021,236764.0,236764000.0,0.236764
CONSERVAS ODERICH S.A.,Alimentos,2021,96095.0,96095000.0,0.096095
BLUE TECH SOLUTIONS EQI S.A.,Alimentos,2021,-11142.0,-11142000.0,-0.011142
MADERO INDÚSTRIA E COMÉRCIO S.A.,Alimentos,2021,-370031.0,-370031000.0,-0.370031
INTERNATIONAL MEAL COMPANY ALIMENTACAO S.A.,Alimentos,2021,-554027.0,-554027000.0,-0.554027
ZAMP SA,Alimentos,2021,-719448.0,-719448000.0,-0.719448
BCO BRADESCO S.A.,Bancos,2021,39414765.0,39414765000.0,39.414765
BCO BRASIL S.A.,Bancos,2021,33015754.0,33015754000.0,33.015754
BCO SANTANDER (BRASIL) S.A.,Bancos,2021,29010076.0,29010076000.0,29.010076
BCO DAYCOVAL S.A.,Bancos,2021,2574727.0,2574727000.0,2.574727
BCO ESTADO DO RIO GRANDE DO SUL S.A.,Bancos,2021,1704329.0,1704329000.0,1.704329
BCO ABC BRASIL S.A.,Bancos,2021,904273.0,904273000.0,0.904273
BANESTES S.A. - BCO EST ESPIRITO SANTO,Bancos,2021,452178.0,452178000.0,0.452178
BANCO RCI BRASIL S.A.,Bancos,2021,313167.0,313167000.0,0.313167
BCO ALFA DE INVESTIMENTO S.A.,Bancos,2021,0.0,0.0,0.0
FINANCEIRA ALFA S.A.- CRED FINANC E INVS,Bancos,2021,0.0,0.0,0.0
BRB BANCO DE BRASILIA S.A.,Bancos,2021,-58411.0,-58411000.0,-0.058411
AMBEV S.A.,Bebidas e Fumo,2021,49708982.0,49708982000.0,49.708982
SOLAR BEBIDAS S.A.,Bebidas e Fumo,2021,986232.0,986232000.0,0.986232
"B3 S.A. - BRASIL, BOLSA, BALCÃO",Bolsas de Valores/Mercadorias e Futuros,2021,17735608.0,17735608000.0,17.735608
MANUFATURA DE BRINQUEDOS ESTRELA S.A.,Brinquedos e Lazer,2021,-20011.0,-20011000.0,-0.020011
BLUEFIT ACADEMIAS DE GINÁSTICA E PARTICIPAÇÕES S.A.,Brinquedos e Lazer,2021,-66062.0,-66062000.0,-0.066062
CINESYSTEM S.A.,Brinquedos e Lazer,2021,-72578.0,-72578000.0,-0.072578
T4F ENTRETENIMENTO S.A.,Brinquedos e Lazer,2021,-173968.0,-173968000.0,-0.173968
SMARTFIT ESCOLA DE GINÁSTICA E DANÇA S.A.,Brinquedos e Lazer,2021,-2474890.0,-2474890000.0,-2.47489
GRUPO MULTI S.A.,Comunicação e Informática,2021,1219017.0,1219017000.0,1.219017
TOTVS S.A.,Comunicação e Informática,2021,668996.0,668996000.0,0.668996
POSITIVO TECNOLOGIA S.A.,Comunicação e Informática,2021,398738.0,398738000.0,0.398738
BOA VISTA SERVIÇOS S.A.,Comunicação e Informática,2021,196568.0,196568000.0,0.196568
SENIOR SISTEMAS S.A.,Comunicação e Informática,2021,191437.0,191437000.0,0.191437
BRQ SOLUCOES EM INFORMATICA S.A.,Comunicação e Informática,2021,169660.0,169660000.0,0.16966
BEMOBI MOBILE TECH S.A.,Comunicação e Informática,2021,111079.0,111079000.0,0.111079
SINQIA S.A.,Comunicação e Informática,2021,54970.0,54970000.0,0.05497
DATORA PARTICIPAÇÕES E SERVIÇOS S.A.,Comunicação e Informática,2021,52631.0,52631000.0,0.052631
LG INFORMÁTICA S.A.,Comunicação e Informática,2021,29455.0,29455000.0,0.029455
NEOGRID PARTICIPAÇÕES S.A.,Comunicação e Informática,2021,26939.0,26939000.0,0.026939
TC S.A.,Comunicação e Informática,2021,14356.0,14356000.0,0.014356
LWSA S/A,Comunicação e Informática,2021,3991.0,3991000.0,0.003991
CLARANET TECHNOLOGY S.A.,Comunicação e Informática,2021,2536.0,2536000.0,0.002536
MÉLIUZ S.A.,Comunicação e Informática,2021,-14704.0,-14704000.0,-0.014704
BIONEXO S.A.,Comunicação e Informática,2021,-54303.0,-54303000.0,-0.054303
CLEAR SALE S.A.,Comunicação e Informática,2021,-55800.0,-55800000.0,-0.0558
FLEX GESTÃO DE RELACIONAMENTOS S.A.-EM RECUPERAÇÃO JUDICIAL,Comunicação e Informática,2021,-68420.0,-68420000.0,-0.06842
VALID SOLUÇÕES S.A.,Comunicação e Informática,2021,-143732.0,-143732000.0,-0.143732
DOTZ S.A.,Comunicação e Informática,2021,-146489.0,-146489000.0,-0.146489
VIVARA PARTICIPAÇÕES S.A.,Comércio (Atacado e Varejo),2021,445162380.0,445162380000.0,445.16238
VIBRA ENERGIA S/A,Comércio (Atacado e Varejo),2021,12804000.0,12804000000.0,12.804
CIA BRASILEIRA DE DISTRIBUICAO,Comércio (Atacado e Varejo),2021,6572000.0,6572000000.0,6.572
LOJAS RENNER S.A.,Comércio (Atacado e Varejo),2021,3458762.0,3458762000.0,3.458762
RAÍZEN S.A.,Comércio (Atacado e Varejo),2021,3140228.0,3140228000.0,3.140228
RAIA DROGASIL S.A.,Comércio (Atacado e Varejo),2021,2519332.0,2519332000.0,2.519332
GRUPO CASAS BAHIA S.A.,Comércio (Atacado e Varejo),2021,1414000.0,1414000000.0,1.414
MAGAZINE LUIZA S.A.,Comércio (Atacado e Varejo),2021,982370.0,982370000.0,0.98237
ALLIED TECNOLOGIA S.A.,Comércio (Atacado e Varejo),2021,911752.0,911752000.0,0.911752
INTELBRAS S.A. IND. DE TELECOMUNICAÇÃO ELETRÔNICA BRASILEIRA,Comércio (Atacado e Varejo),2021,691465.0,691465000.0,0.691465
AMERICANAS S.A. - EM RECUPERAÇÃO JUDICIAL,Comércio (Atacado e Varejo),2021,666074.0,666074000.0,0.666074
IGUATEMI EMPRESA DE SHOPPING CENTERS S.A,Comércio (Atacado e Varejo),2021,546407.0,546407000.0,0.546407
CM HOSPITALAR S.A,Comércio (Atacado e Varejo),2021,516921.0,516921000.0,0.516921
GRUPO SBF S.A.,Comércio (Atacado e Varejo),2021,365906.0,365906000.0,0.365906
LUPO S.A.,Comércio (Atacado e Varejo),2021,280307.0,280307000.0,0.280307
LOJAS QUERO QUERO S.A.,Comércio (Atacado e Varejo),2021,272186.0,272186000.0,0.272186
DIMED S.A. DISTRIBUIDORA DE MEDICAMENTOS,Comércio (Atacado e Varejo),2021,271154.0,271154000.0,0.271154
GRAZZIOTIN S.A.,Comércio (Atacado e Varejo),2021,245773.0,245773000.0,0.245773
OUROFINO S.A.,Comércio (Atacado e Varejo),2021,203670.0,203670000.0,0.20367
AGROGALAXY PARTICIPAÇÕES S.A. - EM RECUPERAÇÃO JUDICIAL,Comércio (Atacado e Varejo),2021,195608.0,195608000.0,0.195608
PET CENTER COMÉRCIO E PARTICIPAÇÕES S.A.,Comércio (Atacado e Varejo),2021,150072.0,150072000.0,0.150072
LIVETECH DA BAHIA INDÚSTRIA E COMÉRCIO S.A.,Comércio (Atacado e Varejo),2021,143041.0,143041000.0,0.143041
PROFARMA DISTRIB PROD FARMACEUTICOS S.A.,Comércio (Atacado e Varejo),2021,140910.0,140910000.0,0.14091
GRUPO FARTURA DE HORTIFRUT S.A.,Comércio (Atacado e Varejo),2021,64552.0,64552000.0,0.064552
JHSF MALLS S.A.,Comércio (Atacado e Varejo),2021,41545.0,41545000.0,0.041545
HUMBERG AGRIBRASIL COMÉRCIO E EXPORTAÇÃO DE GRÃOS S.A.,Comércio (Atacado e Varejo),2021,32298.0,32298000.0,0.032298
FARMÁCIA E DROGARIA NISSEI S.A.,Comércio (Atacado e Varejo),2021,13438.0,13438000.0,0.013438
D1000 VAREJO FARMA PARTICIPAÇÕES S.A.,Comércio (Atacado e Varejo),2021,2102.0,2102000.0,0.002102
TECHNOS S.A.,Comércio (Atacado e Varejo),2021,-82.0,-82000.0,-8.2e-05
W2W E-COMMERCE DE VINHOS S.A.,Comércio (Atacado e Varejo),2021,-10117.0,-10117000.0,-0.010117
CENCOSUD BRASIL COMERCIAL S.A.,Comércio (Atacado e Varejo),2021,-13844.0,-13844000.0,-0.013844
INFRACOMMERCE CXAAS S.A.,Comércio (Atacado e Varejo),2021,-45602.0,-45602000.0,-0.045602
SBF COMÉRCIO DE PRODUTOS ESPORTIVOS S.A.,Comércio (Atacado e Varejo),2021,-60127.0,-60127000.0,-0.060127
GRUPO TOKY S.A.,Comércio (Atacado e Varejo),2021,-125065.0,-125065000.0,-0.125065
ENJOEI S.A.,Comércio (Atacado e Varejo),2021,-149910.0,-149910000.0,-0.14991
CVLB BRASIL S.A,Comércio (Atacado e Varejo),2021,-162316.0,-162316000.0,-0.162316
SARAIVA LIVREIROS S.A. - EM RECUPERAÇÃO JUDICIAL,Comércio (Atacado e Varejo),2021,-373429.0,-373429000.0,-0.373429
MARISA LOJAS S.A.,Comércio (Atacado e Varejo),2021,-503950.0,-503950000.0,-0.50395
GENERAL SHOPPING E OUTLETS DO BRASIL BRASIL S.A.,Comércio (Atacado e Varejo),2021,-1458824.0,-1458824000.0,-1.458824
DEXCO S.A.,"Construção Civil, Mat. Constr. e Decoração",2021,4359330.0,4359330000.0,4.35933
CYRELA BRAZIL REALTY S.A.EMPREEND E PART,"Construção Civil, Mat. Constr. e Decoração",2021,2846810.0,2846810000.0,2.84681
MRV ENGENHARIA E PARTICIPACOES S.A.,"Construção Civil, Mat. Constr. e Decoração",2021,1497797.0,1497797000.0,1.497797
INTERCEMENT BRASIL S.A. - EM RECUPERAÇÃO JUDICIAL,"Construção Civil, Mat. Constr. e Decoração",2021,1290110.0,1290110000.0,1.29011
TIGRE S.A. PARTICIPAÇÕES,"Construção Civil, Mat. Constr. e Decoração",2021,1018876.0,1018876000.0,1.018876
EUCATEX S.A. INDUSTRIA E COMERCIO,"Construção Civil, Mat. Constr. e Decoração",2021,572146.0,572146000.0,0.572146
LOG COMMERCIAL PROPERTIES E PARTICIPAÇÕES,"Construção Civil, Mat. Constr. e Decoração",2021,525808.0,525808000.0,0.525808
CURY CONSTRUTORA E INCORPORADORA S.A.,"Construção Civil, Mat. Constr. e Decoração",2021,505307.0,505307000.0,0.505307
ETERNIT S.A.,"Construção Civil, Mat. Constr. e Decoração",2021,428179.0,428179000.0,0.428179
DIRECIONAL ENGENHARIA S.A.,"Construção Civil, Mat. Constr. e Decoração",2021,358893.0,358893000.0,0.358893
PBG S/A,"Construção Civil, Mat. Constr. e Decoração",2021,344464.0,344464000.0,0.344464
EVEN CONSTRUTORA E INCORPORADORA S.A.,"Construção Civil, Mat. Constr. e Decoração",2021,339570.0,339570000.0,0.33957
LAVVI EMPREENDIMENTOS IMOBILIÁRIOS S.A.,"Construção Civil, Mat. Constr. e Decoração",2021,323133.0,323133000.0,0.323133
PLANO & PLANO DESENVOLVIMENTO IMOBILIÁRIO S.A.,"Construção Civil, Mat. Constr. e Decoração",2021,267288.0,267288000.0,0.267288
PATRIMAR ENGENHARIA S.A.,"Construção Civil, Mat. Constr. e Decoração",2021,249131.0,249131000.0,0.249131
YOU INC INCORPORADORA E PARTICIPAÇÃO S.A,"Construção Civil, Mat. Constr. e Decoração",2021,244254.0,244254000.0,0.244254
HELBOR EMPREENDIMENTOS S.A.,"Construção Civil, Mat. Constr. e Decoração",2021,206853.0,206853000.0,0.206853
AZEVEDO E TRAVASSOS S.A.,"Construção Civil, Mat. Constr. e Decoração",2021,153267.0,153267000.0,0.153267
HBR REALTY EMPREENDIMENTOS IMOBILIÁRIOS S.A.,"Construção Civil, Mat. Constr. e Decoração",2021,153082.0,153082000.0,0.153082
CONSTRUTORA SULTEPA S.A. - EM RECUPERAÇÃO JUDICIAL,"Construção Civil, Mat. Constr. e Decoração",2021,148244.0,148244000.0,0.148244
KALLAS INCORPORAÇÕES E CONSTRUÇÕES S.A.,"Construção Civil, Mat. Constr. e Decoração",2021,143752.0,143752000.0,0.143752
FULWOOD S.A.,"Construção Civil, Mat. Constr. e Decoração",2021,139484.0,139484000.0,0.139484
PACAEMBU CONSTRUTORA S.A.,"Construção Civil, Mat. Constr. e Decoração",2021,104002.0,104002000.0,0.104002
MITRE REALTY EMPREENDIMENTOS E PARTICIPAÇÕES S.A.,"Construção Civil, Mat. Constr. e Decoração",2021,76467.0,76467000.0,0.076467
EMCCAMP RESIDENCIAL S.A.,"Construção Civil, Mat. Constr. e Decoração",2021,60381.0,60381000.0,0.060381
UNICASA INDÚSTRIA DE MÓVEIS S.A.,"Construção Civil, Mat. Constr. e Decoração",2021,40771.0,40771000.0,0.040771
URBA DESENVOLVIMENTO URBANO S.A.,"Construção Civil, Mat. Constr. e Decoração",2021,37847.0,37847000.0,0.037847
SONDOTECNICA ENGENHARIA SOLOS S.A.,"Construção Civil, Mat. Constr. e Decoração",2021,34896.0,34896000.0,0.034896
PRINER SERVIÇOS INDUSTRIAIS S.A.,"Construção Civil, Mat. Constr. e Decoração",2021,22806.0,22806000.0,0.022806
RNI NEGÓCIOS IMOBILIÁRIOS S.A.,"Construção Civil, Mat. Constr. e Decoração",2021,19209.0,19209000.0,0.019209
CONSTRUTORA ADOLPHO LINDENBERG S.A.,"Construção Civil, Mat. Constr. e Decoração",2021,9410.0,9410000.0,0.00941
GAFISA S.A.,"Construção Civil, Mat. Constr. e Decoração",2021,6390.0,6390000.0,0.00639
EZ INC INCORPORAÇÕES S.A.,"Construção Civil, Mat. Constr. e Decoração",2021,5844.0,5844000.0,0.005844
RIVA INCORPORADORA S.A,"Construção Civil, Mat. Constr. e Decoração",2021,3456.0,3456000.0,0.003456
CORREA RIBEIRO S.A. COMERCIO E INDUSTRIA,"Construção Civil, Mat. Constr. e Decoração",2021,3241.0,3241000.0,0.003241
CONSTRUTORA TENDA S.A.,"Construção Civil, Mat. Constr. e Decoração",2021,3131.0,3131000.0,0.003131
TECNOSOLO ENGENHARIA S.A. - EMPRESA FALIDA,"Construção Civil, Mat. Constr. e Decoração",2021,-1340.0,-1340000.0,-0.00134
YUNY INCORPORADORA HOLDING S.A.,"Construção Civil, Mat. Constr. e Decoração",2021,-4525.0,-4525000.0,-0.004525
FICA EMPREENDIMENTOS IMOBILIÁRIOS S.A.,"Construção Civil, Mat. Constr. e Decoração",2021,-22423.0,-22423000.0,-0.022423
INC EMPREENDIMENTOS IMOBILIÁRIOS S.A.,"Construção Civil, Mat. Constr. e Decoração",2021,-24651.0,-24651000.0,-0.024651
MOURA DUBEUX ENGENHARIA S/A,"Construção Civil, Mat. Constr. e Decoração",2021,-38912.0,-38912000.0,-0.038912
ROSSI RESIDENCIAL S.A. - EM RECUPERAÇÃO JUDICIAL,"Construção Civil, Mat. Constr. e Decoração",2021,-197787.0,-197787000.0,-0.197787
VIVER INCORPORADORA E CONSTRUTORA S.A.,"Construção Civil, Mat. Constr. e Decoração",2021,-239170.0,-239170000.0,-0.23917
JOAO FORTES ENGENHARIA S.A. - EM RECUPERAÇÃO JUDICIAL,"Construção Civil, Mat. Constr. e Decoração",2021,-364182.0,-364182000.0,-0.364182
TECNISA S.A.,"Construção Civil, Mat. Constr. e Decoração",2021,-705032.0,-705032000.0,-0.705032
ALPHAVILLE S.A.,"Construção Civil, Mat. Constr. e Decoração",2021,-801463.0,-801463000.0,-0.801463
SER EDUCACIONAL S.A.,Educação,2021,217517.0,217517000.0,0.217517
VITRU EDUCAÇÃO S.A.,Educação,2021,97061.0,97061000.0,0.097061
CRUZEIRO DO SUL EDUCACIONAL S.A.,Educação,2021,48162.0,48162000.0,0.048162
ANIMA HOLDING S.A.,Educação,2021,-121979.0,-121979000.0,-0.121979
SABER SERVIÇOS EDUCACIONAIS S.A.,Educação,2021,-2722810.0,-2722810000.0,-2.72281
IRANI PAPEL E EMBALAGEM S.A.,Embalagens,2021,378074.0,378074000.0,0.378074
CIA MINEIRA DE AÇUCAR E ALCOOL PARTICIPAÇÕES,"Emp. Adm. Part. - Agricultura (Açúcar, Álcool e Cana)",2021,233899.0,233899000.0,0.233899
ALIPERTI S.A.,"Emp. Adm. Part. - Agricultura (Açúcar, Álcool e Cana)",2021,36303.0,36303000.0,0.036303
GRANBIO INVESTIMENTOS S.A.,"Emp. Adm. Part. - Agricultura (Açúcar, Álcool e Cana)",2021,-341356.0,-341356000.0,-0.341356
BRF S.A.,Emp. Adm. Part. - Alimentos,2021,1827453.0,1827453000.0,1.827453
JOSAPAR-JOAQUIM OLIVEIRA S.A. - PARTICIP,Emp. Adm. Part. - Alimentos,2021,75603.0,75603000.0,0.075603
MINUPAR PARTICIPACOES S.A.,Emp. Adm. Part. - Alimentos,2021,50383.0,50383000.0,0.050383
FICTOR ALIMENTOS S.A.,Emp. Adm. Part. - Alimentos,2021,18400.0,18400000.0,0.0184
BRBI BR PARTNERS S.A,Emp. Adm. Part. - Bancos,2021,227395.0,227395000.0,0.227395
SELF IT ACADEMIAS HOLDING S.A.,Emp. Adm. Part. - Brinquedos e Lazer,2021,-129858.0,-129858000.0,-0.129858
QUALITY SOFTWARE S.A.,Emp. Adm. Part. - Comunicação e Informática,2021,20774533.0,20774533000.0,20.774533
ELETROMIDIA S.A.,Emp. Adm. Part. - Comunicação e Informática,2021,-81284.0,-81284000.0,-0.081284
CONTAX PARTICIPAÇÕES S.A. - EM RECUPERAÇÃO JUDICIAL,Emp. Adm. Part. - Comunicação e Informática,2021,-350971.0,-350971000.0,-0.350971
ATACADÃO S.A.,Emp. Adm. Part. - Comércio (Atacado e Varejo),2021,12420000.0,12420000000.0,12.42
GRUPO MATEUS S.A.,Emp. Adm. Part. - Comércio (Atacado e Varejo),2021,2990120.0,2990120000.0,2.99012
ALLOS S.A.,Emp. Adm. Part. - Comércio (Atacado e Varejo),2021,1041756.0,1041756000.0,1.041756
IGUATEMI S.A.,Emp. Adm. Part. - Comércio (Atacado e Varejo),2021,522285.0,522285000.0,0.522285
ALMEIDA JUNIOR SHOPPING CENTERS S.A.,Emp. Adm. Part. - Comércio (Atacado e Varejo),2021,45625.0,45625000.0,0.045625
BR MALLS PARTICIPACOES S.A.,Emp. Adm. Part. - Comércio (Atacado e Varejo),2021,-248118.0,-248118000.0,-0.248118
VESTE S.A. ESTILO,Emp. Adm. Part. - Comércio (Atacado e Varejo),2021,-2809397.0,-2809397000.0,-2.809397
SYN PROP & TECH S.A.,"Emp. Adm. Part. - Const. Civil, Mat. Const. e Decoração",2021,3064368.0,3064368000.0,3.064368
MULTIPLAN - EMPREEND IMOBILIARIOS S.A.,"Emp. Adm. Part. - Const. Civil, Mat. Const. e Decoração",2021,2833352.0,2833352000.0,2.833352
JHSF PARTICIPACOES S.A.,"Emp. Adm. Part. - Const. Civil, Mat. Const. e Decoração",2021,1620073.0,1620073000.0,1.620073
EZ TEC EMPREEND. E PARTICIPACOES S.A.,"Emp. Adm. Part. - Const. Civil, Mat. Const. e Decoração",2021,867164.0,867164000.0,0.867164
TRISUL S.A.,"Emp. Adm. Part. - Const. Civil, Mat. Const. e Decoração",2021,631182.0,631182000.0,0.631182
TEGRA INCORPORADORA S.A.,"Emp. Adm. Part. - Const. Civil, Mat. Const. e Decoração",2021,221273.0,221273000.0,0.221273
MELNICK DESENVOLVIMENTO IMOBILIÁRIO S.A.,"Emp. Adm. Part. - Const. Civil, Mat. Const. e Decoração",2021,143527.0,143527000.0,0.143527
LPS BRASIL - CONSULTORIA DE IMOVEIS S.A.,"Emp. Adm. Part. - Const. Civil, Mat. Const. e Decoração",2021,70212.0,70212000.0,0.070212
SUGOI S.A.,"Emp. Adm. Part. - Const. Civil, Mat. Const. e Decoração",2021,25014.0,25014000.0,0.025014
HOUSI S.A.,"Emp. Adm. Part. - Const. Civil, Mat. Const. e Decoração",2021,3443.0,3443000.0,0.003443
NEXPE PARTICIPAÇÕES S.A,"Emp. Adm. Part. - Const. Civil, Mat. Const. e Decoração",2021,-251030.0,-251030000.0,-0.25103
PDG REALTY S.A. EMPREEND E PARTICIPACOES,"Emp. Adm. Part. - Const. Civil, Mat. Const. e Decoração",2021,-578148.0,-578148000.0,-0.578148
CIA HABITASUL DE PARTICIPACOES,Emp. Adm. Part. - Crédito Imobiliário,2021,191295.0,191295000.0,0.191295
BRAZILIAN FINANCE E REAL ESTATE S.A.,Emp. Adm. Part. - Crédito Imobiliário,2021,20748.0,20748000.0,0.020748
CEL PARTICIPAÇÕES S.A. - CELPAR,Emp. Adm. Part. - Educação,2021,875410.0,875410000.0,0.87541
YDUQS PARTICIPACOES S.A.,Emp. Adm. Part. - Educação,2021,512704.0,512704000.0,0.512704
BIOMA EDUCAÇÃO S.A.,Emp. Adm. Part. - Educação,2021,-104936.0,-104936000.0,-0.104936
COGNA EDUCAÇÃO S.A.,Emp. Adm. Part. - Educação,2021,-6318785.0,-6318785000.0,-6.318785
CPFL ENERGIA S.A.,Emp. Adm. Part. - Energia Elétrica,2021,17121474.0,17121474000.0,17.121474
CENTRAIS ELET BRAS S.A. - ELETROBRAS,Emp. Adm. Part. - Energia Elétrica,2021,12100946.0,12100946000.0,12.100946
TRANSMISSORA ALIANÇA DE ENERGIA ELÉTRICA S.A.,Emp. Adm. Part. - Energia Elétrica,2021,8953282.0,8953282000.0,8.953282
NEOENERGIA S.A.,Emp. Adm. Part. - Energia Elétrica,2021,6971000.0,6971000000.0,6.971
CPFL ENERGIAS RENOVÁVEIS S.A.,Emp. Adm. Part. - Energia Elétrica,2021,4582848.0,4582848000.0,4.582848
ENERGISA S.A.,Emp. Adm. Part. - Energia Elétrica,2021,4305512.0,4305512000.0,4.305512
ALUPAR INVESTIMENTO S/A,Emp. Adm. Part. - Energia Elétrica,2021,4178321.0,4178321000.0,4.178321
AUREN OPERAÇÕES S.A.,Emp. Adm. Part. - Energia Elétrica,2021,1364492.0,1364492000.0,1.364492
ELETRORIVER S.A.,Emp. Adm. Part. - Energia Elétrica,2021,1116060.0,1116060000.0,1.11606
LIGHT S.A. - EM RECUPERAÇÃO JUDICIAL,Emp. Adm. Part. - Energia Elétrica,2021,1089867.0,1089867000.0,1.089867
ARGO ENERGIA EMPREENDIMENTOS E PARTICIPAÇÕES S/A,Emp. Adm. Part. - Energia Elétrica,2021,993576.0,993576000.0,0.993576
SERENA ENERGIA S.A.,Emp. Adm. Part. - Energia Elétrica,2021,598231.0,598231000.0,0.598231
SERENA GERAÇÃO S.A.,Emp. Adm. Part. - Energia Elétrica,2021,360901.0,360901000.0,0.360901
ENERGISA TRANSMISSÃO DE ENERGIA S/A,Emp. Adm. Part. - Energia Elétrica,2021,356755.0,356755000.0,0.356755
CIA CELG DE PARTICIPACOES - CELGPAR,Emp. Adm. Part. - Energia Elétrica,2021,336255.0,336255000.0,0.336255
CELEO REDES TRANSMISSÃO DE ENERGIA S.A.,Emp. Adm. Part. - Energia Elétrica,2021,107818.0,107818000.0,0.107818
SAFIRA HOLDING S.A.,Emp. Adm. Part. - Energia Elétrica,2021,21913.0,21913000.0,0.021913
ASA BRANCA HOLDING S.A.,Emp. Adm. Part. - Energia Elétrica,2021,-12955.0,-12955000.0,-0.012955
RIO ENERGY PARTICIPAÇÕES S.A.,Emp. Adm. Part. - Energia Elétrica,2021,-96167.0,-96167000.0,-0.096167
BRASILIANA PARTICIPAÇÕES S/A,Emp. Adm. Part. - Energia Elétrica,2021,-101207.0,-101207000.0,-0.101207
RIO ALTO STL HOLDING I S.A.,Emp. Adm. Part. - Energia Elétrica,2021,-337082.0,-337082000.0,-0.337082
BRADESPAR S.A.,Emp. Adm. Part. - Extração Mineral,2021,9546313.0,9546313000.0,9.546313
AURA ALMAS MINERAÇÃO S.A.,Emp. Adm. Part. - Extração Mineral,2021,8752.0,8752000.0,0.008752
CCX CARVÃO DA COLÔMBIA S.A. - EM LIQUIDAÇÃO,Emp. Adm. Part. - Extração Mineral,2021,4433.0,4433000.0,0.004433
ITAÚSA S.A.,Emp. Adm. Part. - Intermediação Financeira,2021,41270000.0,41270000000.0,41.27
CONSORCIO ALFA DE ADMINISTRACAO S.A.,Emp. Adm. Part. - Intermediação Financeira,2021,87462.0,87462000.0,0.087462
CREDGRID SERVIÇOS FINANCEIROS S.A.,Emp. Adm. Part. - Intermediação Financeira,2021,64311.0,64311000.0,0.064311
METALURGICA GERDAU S.A.,Emp. Adm. Part. - Metalurgia e Siderurgia,2021,35875376.0,35875376000.0,35.875376
KEPLER WEBER S.A.,Emp. Adm. Part. - Metalurgia e Siderurgia,2021,222285.0,222285000.0,0.222285
MANGELS INDUSTRIAL S.A.,Emp. Adm. Part. - Metalurgia e Siderurgia,2021,118350.0,118350000.0,0.11835
TEKNO S.A. - INDUSTRIA E COMERCIO,Emp. Adm. Part. - Metalurgia e Siderurgia,2021,78868.0,78868000.0,0.078868
WEG S.A.,"Emp. Adm. Part. - Máqs., Equip., Veíc. e Peças",2021,6053437.0,6053437000.0,6.053437
WLM PART. E COMÉRCIO DE MÁQUINAS E VEÍCULOS S.A.,"Emp. Adm. Part. - Máqs., Equip., Veíc. e Peças",2021,160152.0,160152000.0,0.160152
PRÁTICA PRODUTOS S.A.,"Emp. Adm. Part. - Máqs., Equip., Veíc. e Peças",2021,24751.0,24751000.0,0.024751
PLASCAR PARTICIPACOES INDUSTRIAIS S.A.,"Emp. Adm. Part. - Máqs., Equip., Veíc. e Peças",2021,-239243.0,-239243000.0,-0.239243
SUZANO HOLDING S.A.,Emp. Adm. Part. - Papel e Celulose,2021,-2097161.0,-2097161000.0,-2.097161
ULTRAPAR PARTICIPACOES S.A.,Emp. Adm. Part. - Petróleo e Gás,2021,1811575.0,1811575000.0,1.811575
ENAUTA PARTICIPAÇÕES S.A.,Emp. Adm. Part. - Petróleo e Gás,2021,1568518.0,1568518000.0,1.568518
CBO HOLDING S.A.,Emp. Adm. Part. - Petróleo e Gás,2021,331712.0,331712000.0,0.331712
PETRORECÔNCAVO S.A.,Emp. Adm. Part. - Petróleo e Gás,2021,95140.0,95140000.0,0.09514
OCEÂNICA ENGENHARIA E CONSULTORIA S.A.,Emp. Adm. Part. - Petróleo e Gás,2021,-3574.0,-3574000.0,-0.003574
COMPASS GÁS E ENERGIA S.A.,"Emp. Adm. Part. - Saneamento, Serv. Água e Gás",2021,5366202.0,5366202000.0,5.366202
BRK AMBIENTAL PARTICIPAÇÕES S.A.,"Emp. Adm. Part. - Saneamento, Serv. Água e Gás",2021,142313.0,142313000.0,0.142313
BB SEGURIDADE PARTICIPAÇÕES S.A.,Emp. Adm. Part. - Seguradoras e Corretoras,2021,7783988.0,7783988000.0,7.783988
SUL AMERICA S.A.,Emp. Adm. Part. - Seguradoras e Corretoras,2021,5360302.0,5360302000.0,5.360302
CAIXA SEGURIDADE PARTICIPAÇÕES S.A.,Emp. Adm. Part. - Seguradoras e Corretoras,2021,3665565.0,3665565000.0,3.665565
ALPER CONSULTORIA E CORRETORA DE SEGUROS S.A.,Emp. Adm. Part. - Seguradoras e Corretoras,2021,3503.0,3503000.0,0.003503
CIA PARTICIPACOES ALIANCA DA BAHIA,Emp. Adm. Part. - Sem Setor Principal,2021,1444582.0,1444582000.0,1.444582
MONTEIRO ARANHA S.A.,Emp. Adm. Part. - Sem Setor Principal,2021,1164076.0,1164076000.0,1.164076
XP INVESTIMENTOS S.A.,Emp. Adm. Part. - Sem Setor Principal,2021,1131103.0,1131103000.0,1.131103
GPS PARTICIPAÇÕES E EMPREENDIMENTOS S.A.,Emp. Adm. Part. - Sem Setor Principal,2021,682394.0,682394000.0,0.682394
BR PROPERTIES S.A.,Emp. Adm. Part. - Sem Setor Principal,2021,476570.0,476570000.0,0.47657
DEXXOS PARTICIPAÇÕES S.A.,Emp. Adm. Part. - Sem Setor Principal,2021,373572.0,373572000.0,0.373572
SAO CARLOS EMPREEND E PARTICIPACOES S.A.,Emp. Adm. Part. - Sem Setor Principal,2021,246530.0,246530000.0,0.24653
EMBPAR PARTICIPAÇÕES S/A,Emp. Adm. Part. - Sem Setor Principal,2021,89791.0,89791000.0,0.089791
HMOBI PARTICIPAÇÕES S.A.,Emp. Adm. Part. - Sem Setor Principal,2021,75937.0,75937000.0,0.075937
MLOG S.A.,Emp. Adm. Part. - Sem Setor Principal,2021,38887.0,38887000.0,0.038887
TREVISA INVESTIMENTOS S.A.,Emp. Adm. Part. - Sem Setor Principal,2021,22391.0,22391000.0,0.022391
REAG CAPITAL HOLDING S.A.,Emp. Adm. Part. - Sem Setor Principal,2021,6966.0,6966000.0,0.006966
HOLDING VERZANI E SANDRINI S.A.,Emp. Adm. Part. - Sem Setor Principal,2021,-1805.0,-1805000.0,-0.001805
OSX BRASIL S.A. - EM RECUPERAÇÃO JUDICIAL,Emp. Adm. Part. - Sem Setor Principal,2021,-749051.0,-749051000.0,-0.749051
RUMO S.A.,Emp. Adm. Part. - Serviços Transporte e Logística,2021,920832.0,920832000.0,0.920832
MOTIVA INFRAESTRUTURA DE MOBILIDADE S.A.,Emp. Adm. Part. - Serviços Transporte e Logística,2021,891709.0,891709000.0,0.891709
ECORODOVIAS CONCESSÕES E SERVIÇOS S.A.,Emp. Adm. Part. - Serviços Transporte e Logística,2021,837291.0,837291000.0,0.837291
SANTOS BRASIL PARTICIPACOES S.A.,Emp. Adm. Part. - Serviços Transporte e Logística,2021,515942.0,515942000.0,0.515942
WILSON SONS S.A.,Emp. Adm. Part. - Serviços Transporte e Logística,2021,345120.0,345120000.0,0.34512
TPI - TRIUNFO PARTICIP. E INVEST. S.A.,Emp. Adm. Part. - Serviços Transporte e Logística,2021,173558.0,173558000.0,0.173558
MONTE RODOVIAS S.A.,Emp. Adm. Part. - Serviços Transporte e Logística,2021,135406.0,135406000.0,0.135406
LM TRANSPORTES INTERESTADUAIS SERVIÇOS E COMÉRCIO S.A.,Emp. Adm. Part. - Serviços Transporte e Logística,2021,134699.0,134699000.0,0.134699
RODOVIAS DO BRASIL HOLDING S.A.,Emp. Adm. Part. - Serviços Transporte e Logística,2021,-71593.0,-71593000.0,-0.071593
INVESTIMENTOS E PARTICIP. EM INFRA S.A. - INVEPAR,Emp. Adm. Part. - Serviços Transporte e Logística,2021,-5099424.0,-5099424000.0,-5.099424
AZUL S.A.,Emp. Adm. Part. - Serviços Transporte e Logística,2021,-15047917.0,-15047917000.0,-15.047917
GOL LINHAS AEREAS INTELIGENTES S.A.,Emp. Adm. Part. - Serviços Transporte e Logística,2021,-26158110.0,-26158110000.0,-26.15811
BCBF PARTICIPAÇÕES S.A.,Emp. Adm. Part. - Serviços médicos,2021,724212.0,724212000.0,0.724212
ATHENA SAÚDE BRASIL SA,Emp. Adm. Part. - Serviços médicos,2021,-47336.0,-47336000.0,-0.047336
CLARO TELECOM PARTICIPAÇÕES S.A.,Emp. Adm. Part. - Telecomunicações,2021,6928027.0,6928027000.0,6.928027
UNIFIQUE TELECOMUNICAÇÕES S.A.,Emp. Adm. Part. - Telecomunicações,2021,130988.0,130988000.0,0.130988
PADTEC HOLDING S.A.,Emp. Adm. Part. - Telecomunicações,2021,68160.0,68160000.0,0.06816
BRISANET PARTICIPAÇÕES S.A.,Emp. Adm. Part. - Telecomunicações,2021,31366.0,31366000.0,0.031366
SUL 116 PARTICIPACOES S.A.,Emp. Adm. Part. - Telecomunicações,2021,-1043.0,-1043000.0,-0.001043
ALARES INTERNET PARTICIPAÇÕES S/A,Emp. Adm. Part. - Telecomunicações,2021,-33840.0,-33840000.0,-0.03384
EMPRESA NAC COM REDITO PART S.A.ENCORPAR,Emp. Adm. Part. - Têxtil e Vestuário,2021,-72731.0,-72731000.0,-0.072731
AMMO VAREJO S.A.,Emp. Adm. Part. - Têxtil e Vestuário,2021,-98855.0,-98855000.0,-0.098855
SPRINGS GLOBAL PARTICIPACOES S.A.,Emp. Adm. Part. - Têxtil e Vestuário,2021,-474516.0,-474516000.0,-0.474516
CIA PARANAENSE DE ENERGIA - COPEL,Energia Elétrica,2021,17916704.0,17916704000.0,17.916704
ENGIE BRASIL ENERGIA S.A.,Energia Elétrica,2021,13086714.0,13086714000.0,13.086714
ISA ENERGIA BRASIL,Energia Elétrica,2021,12840916.0,12840916000.0,12.840916
EDP - ENERGIAS DO BRASIL S.A.,Energia Elétrica,2021,8162930.0,8162930000.0,8.16293
EQUATORIAL S.A.,Energia Elétrica,2021,7750162.0,7750162000.0,7.750162
CIA ENERGETICA DE MINAS GERAIS - CEMIG,Energia Elétrica,2021,6617990.0,6617990000.0,6.61799
COPEL GERAÇÃO E TRANSMISSÃO S.A.,Energia Elétrica,2021,4439441.0,4439441000.0,4.439441
CESP - CIA ENERGETICA DE SAO PAULO,Energia Elétrica,2021,4339178.0,4339178000.0,4.339178
AUREN ENERGIA S.A.,Energia Elétrica,2021,3924232.0,3924232000.0,3.924232
CPFL GERACAO DE ENERGIA S.A.,Energia Elétrica,2021,3781164.0,3781164000.0,3.781164
CHINA THREE GORGES BRASIL ENERGIA S.A.,Energia Elétrica,2021,3528290.0,3528290000.0,3.52829
REDE ENERGIA PARTICIPAÇÕES S.A.,Energia Elétrica,2021,3267573.0,3267573000.0,3.267573
ENEVA S.A,Energia Elétrica,2021,2179828.0,2179828000.0,2.179828
CEMIG GERACAO E TRANSMISSAO S.A.,Energia Elétrica,2021,1926969.0,1926969000.0,1.926969
COMPANHIA ENERGÉTICA DE BRASÍLIA - CEB,Energia Elétrica,2021,1759785.0,1759785000.0,1.759785
RIO PARANAPANEMA ENERGIA S.A.,Energia Elétrica,2021,1386136.0,1386136000.0,1.386136
CENTRAIS ELET DE SANTA CATARINA S.A.,Energia Elétrica,2021,1081857.0,1081857000.0,1.081857
CPFL TRANSMISSÃO S.A.,Energia Elétrica,2021,700458.0,700458000.0,0.700458
LIGHT ENERGIA S.A.,Energia Elétrica,2021,524778.0,524778000.0,0.524778
AUREN PARTICIPAÇÕES S.A.,Energia Elétrica,2021,424564.0,424564000.0,0.424564
EMAE - EMPRESA METROP.AGUAS ENERGIA S.A.,Energia Elétrica,2021,348403.0,348403000.0,0.348403
STATKRAFT ENERGIAS RENOVAVEIS S.A.,Energia Elétrica,2021,243123.0,243123000.0,0.243123
ESSENTIA PCHS S.A.,Energia Elétrica,2021,225913.0,225913000.0,0.225913
COMPANHIA ESTADUAL DE GERAÇÃO DE ENERGIA ELÉTRICA - CEEE-G,Energia Elétrica,2021,209633.0,209633000.0,0.209633
RENOVA ENERGIA S.A.,Energia Elétrica,2021,53121.0,53121000.0,0.053121
PRODUTORES ENERGET.DE MANSO S.A.- PROMAN,Energia Elétrica,2021,521.0,521000.0,0.000521
ANEMUS WIND HOLDING S.A.,Energia Elétrica,2021,-9448.0,-9448000.0,-0.009448
RIO ALTO ENERGIAS RENOVÁVEIS S.A.,Energia Elétrica,2021,-47047.0,-47047000.0,-0.047047
2W ECOBANK S.A. - EM RECUPERAÇÃO JUDICIAL,Energia Elétrica,2021,-51875.0,-51875000.0,-0.051875
MULTINER S/A,Energia Elétrica,2021,-136129.0,-136129000.0,-0.136129
COMERC ENERGIA S.A.,Energia Elétrica,2021,-261289.0,-261289000.0,-0.261289
VALE S.A.,Extração Mineral,2021,292492000.0,292492000000.0,292.492
CSN MINERAÇÃO S.A.,Extração Mineral,2021,10401676.0,10401676000.0,10.401676
COMPANHIA BRASILEIRA DE ALUMÍNIO,Extração Mineral,2021,-42133.0,-42133000.0,-0.042133
EUROFARMA LABORATÓRIOS S.A.,Farmacêutico e Higiene,2021,5546592.0,5546592000.0,5.546592
HYPERA S.A.,Farmacêutico e Higiene,2021,2625421.0,2625421000.0,2.625421
NATURA COSMÉTICOS S.A.,Farmacêutico e Higiene,2021,2036423.0,2036423000.0,2.036423
BLAU FARMACÊUTICA S.A.,Farmacêutico e Higiene,2021,1156388.0,1156388000.0,1.156388
UNIÃO QUÍMICA FARMACÊUTICA NACIONAL S.A.,Farmacêutico e Higiene,2021,678697.0,678697000.0,0.678697
NATURA &CO HOLDING S.A.,Farmacêutico e Higiene,2021,475561.0,475561000.0,0.475561
BOMBRIL S.A. - EM RECUPERAÇÃO JUDICIAL,Farmacêutico e Higiene,2021,106862.0,106862000.0,0.106862
INTERPLAYERS SOLUÇÕES INTEGRADAS S.A.,Farmacêutico e Higiene,2021,19935.0,19935000.0,0.019935
BIOMM S.A.,Farmacêutico e Higiene,2021,-151028.0,-151028000.0,-0.151028
HOTEIS OTHON S.A. - EM RECUPERAÇÃO JUDICIAL,Hospedagem e Turismo,2021,-130713.0,-130713000.0,-0.130713
AMAZONE FUN PARKS S.A.,Hospedagem e Turismo,2021,-447751.0,-447751000.0,-0.447751
CVC BRASIL OPERADORA E AGÊNCIA DE VIAGENS S.A.,Hospedagem e Turismo,2021,-3426756.0,-3426756000.0,-3.426756
GETNET ADQ E SERV PARA MEIOS DE PAGTO S.A. - INST PAGTO,Intermediação Financeira,2021,836937.0,836937000.0,0.836937
OLIVEIRA TRUST S.A.,Intermediação Financeira,2021,155415.0,155415000.0,0.155415
CIELO S.A. -  INSTITUIÇÃO DE PAGAMENTO,Intermediação Financeira,2021,-664377.0,-664377000.0,-0.664377
METISA METALURGICA TIMBOENSE S.A.,Metalurgia e Siderurgia,2021,110386998.0,110386998000.0,110.386998
CIA SIDERURGICA NACIONAL,Metalurgia e Siderurgia,2021,35776478.0,35776478000.0,35.776478
USINAS SID DE MINAS GERAIS S.A.-USIMINAS,Metalurgia e Siderurgia,2021,22703394.0,22703394000.0,22.703394
GERDAU S.A.,Metalurgia e Siderurgia,2021,17946992.0,17946992000.0,17.946992
HAGA S.A. INDUSTRIA E COMERCIO,Metalurgia e Siderurgia,2021,13600093.0,13600093000.0,13.600093
CIA FERRO LIGAS DA BAHIA - FERBASA,Metalurgia e Siderurgia,2021,712921.0,712921000.0,0.712921
PANATLANTICA S.A.,Metalurgia e Siderurgia,2021,475842.0,475842000.0,0.475842
SCHULZ S.A.,Metalurgia e Siderurgia,2021,334535.0,334535000.0,0.334535
WETZEL S.A.,Metalurgia e Siderurgia,2021,154697.0,154697000.0,0.154697
TUPY S.A.,Metalurgia e Siderurgia,2021,126702.0,126702000.0,0.126702
ELECTRO ACO ALTONA S.A.,Metalurgia e Siderurgia,2021,61555.0,61555000.0,0.061555
BAUMER S.A.,Metalurgia e Siderurgia,2021,26563.0,26563000.0,0.026563
PARANAPANEMA S.A. - EM RECUPERAÇÃO JUDICIAL,Metalurgia e Siderurgia,2021,-3325418.0,-3325418000.0,-3.325418
RANDONCORP S.A.,"Máquinas, Equipamentos, Veículos e Peças",2021,3436038.0,3436038000.0,3.436038
TAURUS ARMAS S.A.,"Máquinas, Equipamentos, Veículos e Peças",2021,1797326.0,1797326000.0,1.797326
WHIRLPOOL S.A.,"Máquinas, Equipamentos, Veículos e Peças",2021,1695547.0,1695547000.0,1.695547
INEPAR S.A. INDUSTRIA E CONSTRUCOES EM RECUPERACAO JUDICIAL,"Máquinas, Equipamentos, Veículos e Peças",2021,813184.0,813184000.0,0.813184
RODOBENS SA,"Máquinas, Equipamentos, Veículos e Peças",2021,697594.0,697594000.0,0.697594
MAHLE METAL LEVE S.A.,"Máquinas, Equipamentos, Veículos e Peças",2021,688838.0,688838000.0,0.688838
IOCHPE MAXION S.A.,"Máquinas, Equipamentos, Veículos e Peças",2021,621072.0,621072000.0,0.621072
MARCOPOLO S.A.,"Máquinas, Equipamentos, Veículos e Peças",2021,449079.0,449079000.0,0.449079
FRAS-LE S.A.,"Máquinas, Equipamentos, Veículos e Peças",2021,392668.0,392668000.0,0.392668
ROMI S.A.,"Máquinas, Equipamentos, Veículos e Peças",2021,378847.0,378847000.0,0.378847
AERIS IND. E COM. DE EQUIP. PARA GER. DE ENG. S.A.,"Máquinas, Equipamentos, Veículos e Peças",2021,364784.0,364784000.0,0.364784
INEPAR EQUIPAMENTOS E MONTAGENS S/A - EM RECUPERACAO JUDICIA,"Máquinas, Equipamentos, Veículos e Peças",2021,184793.0,184793000.0,0.184793
LIFEMED INDUSTRIAL DE EQUIP. E ART. MEDICOS E HOSP. S.A,"Máquinas, Equipamentos, Veículos e Peças",2021,133884.0,133884000.0,0.133884
METALURGICA RIOSULENSE S.A.,"Máquinas, Equipamentos, Veículos e Peças",2021,83085.0,83085000.0,0.083085
RECRUSUL S.A.,"Máquinas, Equipamentos, Veículos e Peças",2021,-3004.0,-3004000.0,-0.003004
LUPATECH S.A,"Máquinas, Equipamentos, Veículos e Peças",2021,-20762.0,-20762000.0,-0.020762
BARDELLA S.A. INDUSTRIAS MECANICAS EM RECUPERAÇÃO JUDICIAL,"Máquinas, Equipamentos, Veículos e Peças",2021,-82918.0,-82918000.0,-0.082918
IGB ELETRONICA S.A - EM RECUPERACAO JUDICIAL,"Máquinas, Equipamentos, Veículos e Peças",2021,-138975.0,-138975000.0,-0.138975
METALFRIO SOLUTIONS S.A.,"Máquinas, Equipamentos, Veículos e Peças",2021,-196112.0,-196112000.0,-0.196112
EMBRAER S.A.,"Máquinas, Equipamentos, Veículos e Peças",2021,-3863851.0,-3863851000.0,-3.863851
COBRASMA S.A.,"Máquinas, Equipamentos, Veículos e Peças",2021,-5515624.0,-5515624000.0,-5.515624
KLABIN S.A.,Papel e Celulose,2021,1015384.0,1015384000.0,1.015384
ELDORADO BRASIL CELULOSE S.A.,Papel e Celulose,2021,771351.0,771351000.0,0.771351
CIA MELHORAMENTOS DE SAO PAULO,Papel e Celulose,2021,-87347.0,-87347000.0,-0.087347
SUZANO S.A.,Papel e Celulose,2021,-2079403.0,-2079403000.0,-2.079403
BRASKEM S.A.,Petroquímicos e Borracha,2021,6946314.0,6946314000.0,6.946314
UNIPAR CARBOCLORO S.A.,Petroquímicos e Borracha,2021,4748096.0,4748096000.0,4.748096
UNIGEL PARTICIPAÇÕES S.A.,Petroquímicos e Borracha,2021,875188.0,875188000.0,0.875188
BORRACHAS VIPAL S.A.,Petroquímicos e Borracha,2021,298307.0,298307000.0,0.298307
METANOR SA METANOL DO NE,Petroquímicos e Borracha,2021,52304.0,52304000.0,0.052304
SANSUY S.A. INDUSTRIA DE PLASTICOS,Petroquímicos e Borracha,2021,-255065.0,-255065000.0,-0.255065
PETROLEO BRASILEIRO S.A. PETROBRAS,Petróleo e Gás,2021,227020000.0,227020000000.0,227.02
PRIO S.A.,Petróleo e Gás,2021,1785959.0,1785959000.0,1.785959
OCEANPACT SERVIÇOS MARITIMOS S.A.,Petróleo e Gás,2021,-70188.0,-70188000.0,-0.070188
DOMMO ENERGIA S.A.,Petróleo e Gás,2021,-271759.0,-271759000.0,-0.271759
BRAVA ENERGIA S.A.,Petróleo e Gás,2021,-521078.0,-521078000.0,-0.521078
REFINARIA DE PETROLEOS MANGUINHOS S.A.,Petróleo e Gás,2021,-774667.0,-774667000.0,-0.774667
CIA SANEAMENTO DE MINAS GERAIS-COPASA MG,"Saneamento, Serv. Água e Gás",2021,2708128.0,2708128000.0,2.708128
AEGEA SANEAMENTO E PARTICIPAÇÕES S.A.,"Saneamento, Serv. Água e Gás",2021,1115941.0,1115941000.0,1.115941
AMBIPAR PARTICIPAÇÕES E EMPREENDIMENTOS S.A.,"Saneamento, Serv. Água e Gás",2021,436788.0,436788000.0,0.436788
ENVIRONMENTAL ESG PARTICIPAÇÕES S.A.,"Saneamento, Serv. Água e Gás",2021,30252.0,30252000.0,0.030252
IGUA SANEAMENTO S.A.,"Saneamento, Serv. Água e Gás",2021,-52505.0,-52505000.0,-0.052505
ORIZON VALORIZAÇÃO DE RESÍDUOS S.A.,"Saneamento, Serv. Água e Gás",2021,-63798.0,-63798000.0,-0.063798
VIRGO II COMPANHIA DE SECURITIZACAO,Securitização de Recebíveis,2021,3796.0,3796000.0,0.003796
VIRGO COMPANHIA DE SECURITIZAÇÃO,Securitização de Recebíveis,2021,-6761.0,-6761000.0,-0.006761
PORTO SEGURO S.A.,Seguradoras e Corretoras,2021,3232479.0,3232479000.0,3.232479
QUALICORP CONSULTORIA E CORRETORA DE SEGUROS S.A.,Seguradoras e Corretoras,2021,772493.0,772493000.0,0.772493
WIZ CO PARTICIPAÇÕES E CORRETAGEM DE SEGUROS S.A.,Seguradoras e Corretoras,2021,405338.0,405338000.0,0.405338
CIA SEGUROS ALIANCA DA BAHIA,Seguradoras e Corretoras,2021,60351.0,60351000.0,0.060351
IRB - BRASIL RESSEGUROS S.A.,Seguradoras e Corretoras,2021,-4328434.0,-4328434000.0,-4.328434
HAPVIDA PARTICIPAÇÕES E INVESTIMENTOS S.A.,Serviços Médicos,2021,2571270.0,2571270000.0,2.57127
REDE D'OR SÃO LUIZ S.A.,Serviços Médicos,2021,2137158.0,2137158000.0,2.137158
ODONTOPREV S.A.,Serviços Médicos,2021,741061.0,741061000.0,0.741061
INSTITUTO HERMES PARDINI S.A.,Serviços Médicos,2021,681208.0,681208000.0,0.681208
FLEURY S.A.,Serviços Médicos,2021,608452.0,608452000.0,0.608452
MPM CORPÓREOS S.A.,Serviços Médicos,2021,237962.0,237962000.0,0.237962
ELFA MEDICAMENTOS S.A.,Serviços Médicos,2021,217683.0,217683000.0,0.217683
HOSPITAL MATER DEI S.A.,Serviços Médicos,2021,146846.0,146846000.0,0.146846
HOSPITAL CARE CALEDONIA S.A.,Serviços Médicos,2021,91791.0,91791000.0,0.091791
GSH CORP PARTICIPAÇÕES S.A.,Serviços Médicos,2021,52658.0,52658000.0,0.052658
KORA SAÚDE PARTICIPAÇÕES S.A.,Serviços Médicos,2021,-37415.0,-37415000.0,-0.037415
ALLIANÇA SAÚDE E PARTICIPAÇÕES S.A.,Serviços Médicos,2021,-90443.0,-90443000.0,-0.090443
ONCOCLÍNICAS DO BRASIL SERVIÇOS MÉDICOS S.A.,Serviços Médicos,2021,-143759.0,-143759000.0,-0.143759
DIAGNOSTICOS DA AMERICA S.A.,Serviços Médicos,2021,-729352.0,-729352000.0,-0.729352
LOCALIZA RENT A CAR S.A.,Serviços Transporte e Logística,2021,6183714.0,6183714000.0,6.183714
MOVIDA PARTICIPACOES SA,Serviços Transporte e Logística,2021,1856932.0,1856932000.0,1.856932
SIMPAR S.A.,Serviços Transporte e Logística,2021,1726450.0,1726450000.0,1.72645
COMPANHIA DE LOCAÇÃO DAS AMÉRICAS,Serviços Transporte e Logística,2021,1388821.0,1388821000.0,1.388821
LOCALIZA FLEET S.A.,Serviços Transporte e Logística,2021,923463.0,923463000.0,0.923463
JSL S.A.,Serviços Transporte e Logística,2021,807730.0,807730000.0,0.80773
"VAMOS LOCAÇÃO DE CAMINHÕES, MÁQUINAS E EQUIPAMENTOS S.A.",Serviços Transporte e Logística,2021,581567.0,581567000.0,0.581567
VIX LOGÍSTICA S.A.,Serviços Transporte e Logística,2021,453134.0,453134000.0,0.453134
CS BRASIL PARTICIPAÇÕES E LOCAÇÕES S.A.,Serviços Transporte e Logística,2021,200823.0,200823000.0,0.200823
"MILLS LOCAÇÃO, SERVIÇOS E LOGÍSTICA S.A.",Serviços Transporte e Logística,2021,195120.0,195120000.0,0.19512
TEGMA GESTAO LOGISTICA S.A.,Serviços Transporte e Logística,2021,181294.0,181294000.0,0.181294
"ARMAC LOCAÇÃO, LOGÍSTICA E SERVIÇOS S.A.",Serviços Transporte e Logística,2021,151194.0,151194000.0,0.151194
LOG-IN LOGISTICA INTERMODAL S.A.,Serviços Transporte e Logística,2021,110571.0,110571000.0,0.110571
BBM LOGÍSTICA S.A.,Serviços Transporte e Logística,2021,41844.0,41844000.0,0.041844
UNIDAS LOCAÇÕES E SERVIÇOS S.A.,Serviços Transporte e Logística,2021,29823.0,29823000.0,0.029823
CONCEBRA - CONCESSIONARIA DAS RODOVIAS CENTRAIS DO BRASIL,Serviços Transporte e Logística,2021,27665.0,27665000.0,0.027665
SEQUOIA LOGÍSTICA E TRANSPORTES S.A.,Serviços Transporte e Logística,2021,-10833.0,-10833000.0,-0.010833
HOLDING DO ARAGUAIA S.A.,Serviços Transporte e Logística,2021,-13658.0,-13658000.0,-0.013658
ECORODOVIAS INFRAESTRUTURA E LOGÍSTICA S.A.,Serviços Transporte e Logística,2021,-113452.0,-113452000.0,-0.113452
ARTERIS S.A.,Serviços Transporte e Logística,2021,-206756.0,-206756000.0,-0.206756
HIDROVIAS DO BRASIL S.A.,Serviços Transporte e Logística,2021,-448677.0,-448677000.0,-0.448677
"ALLPARK EMPREENDIMENTOS, PARTICIPAÇÕES E SERVIÇOS S.A.",Serviços Transporte e Logística,2021,-789678.0,-789678000.0,-0.789678
TELEFÔNICA BRASIL S.A,Telecomunicações,2021,10999884.0,10999884000.0,10.999884
TIM BRASIL SERVIÇOS E PARTICIPAÇÕES S.A.,Telecomunicações,2021,4641260.0,4641260000.0,4.64126
ALGAR TELECOM S/A,Telecomunicações,2021,431881.0,431881000.0,0.431881
DESKTOP S.A.,Telecomunicações,2021,114522.0,114522000.0,0.114522
VERO S.A.,Telecomunicações,2021,81410.0,81410000.0,0.08141
OI S.A. - EM RECUPERAÇÃO JUDICIAL,Telecomunicações,2021,-19021025.0,-19021025000.0,-19.021025
PETTENATI S.A. INDUSTRIA TEXTIL,Têxtil e Vestuário,2021,77577876.0,77577876000.0,77.577876
ALPARGATAS S.A.,Têxtil e Vestuário,2021,1638898.0,1638898000.0,1.638898
GRENDENE S.A.,Têxtil e Vestuário,2021,1006211.0,1006211000.0,1.006211
GUARARAPES CONFECCOES S.A.,Têxtil e Vestuário,2021,425974.0,425974000.0,0.425974
AZZAS 2154 S.A.,Têxtil e Vestuário,2021,392304.0,392304000.0,0.392304
VULCABRAS S.A.,Têxtil e Vestuário,2021,345393.0,345393000.0,0.345393
GRUPO DE MODA SOMA S.A.,Têxtil e Vestuário,2021,230074.0,230074000.0,0.230074
C&A MODAS S.A.,Têxtil e Vestuário,2021,162677.0,162677000.0,0.162677
KARSTEN S.A.,Têxtil e Vestuário,2021,137994.0,137994000.0,0.137994
TRACK & FIELD CO S.A.,Têxtil e Vestuário,2021,102978.0,102978000.0,0.102978
CAMBUCI S.A.,Têxtil e Vestuário,2021,49619.0,49619000.0,0.049619
CIA TECIDOS SANTANENSE EM RECUPERAÇÃO JUDICIAL,Têxtil e Vestuário,2021,23352.0,23352000.0,0.023352
COMPANHIA INDUSTRIAL CATAGUASES,Têxtil e Vestuário,2021,8921.0,8921000.0,0.008921
CIA INDUSTRIAL SCHLOSSER S.A.,Têxtil e Vestuário,2021,-1382.0,-1382000.0,-0.001382
FIACAO E TECELAGEM SAO JOSE SA EM RECUPERACAO JUDICIAL,Têxtil e Vestuário,2021,-7471.0,-7471000.0,-0.007471
TEXTIL RENAUXVIEW S.A.,Têxtil e Vestuário,2021,-39695.0,-39695000.0,-0.039695
CIA FIACAO TECIDOS CEDRO CACHOEIRA,Têxtil e Vestuário,2021,-47938.0,-47938000.0,-0.047938
INBRANDS S.A.,Têxtil e Vestuário,2021,-109267.0,-109267000.0,-0.109267
TEKA-TECELAGEM KUEHNRICH S.A. - EM RECUPERAÇÃO JUDICIAL,Têxtil e Vestuário,2021,-195901.0,-195901000.0,-0.195901
CIA TECIDOS NORTE DE MINAS COTEMINAS,Têxtil e Vestuário,2021,-502692.0,-502692000.0,-0.502692
MUNDIAL S.A. - PRODUTOS DE CONSUMO,Têxtil e Vestuário,2021,-581602.0,-581602000.0,-0.581602
COSAN S.A.,"Agricultura (Açúcar, Álcool e Cana)",2022,18343302.0,18343302000.0,18.343302
SLC AGRICOLA S.A.,"Agricultura (Açúcar, Álcool e Cana)",2022,2467492.0,2467492000.0,2.467492
SAO MARTINHO S.A.,"Agricultura (Açúcar, Álcool e Cana)",2022,2407992.0,2407992000.0,2.407992
RAIZEN ENERGIA S.A.,"Agricultura (Açúcar, Álcool e Cana)",2022,1751984.0,1751984000.0,1.751984
TRÊS TENTOS AGROINDUSTRIAL S/A,"Agricultura (Açúcar, Álcool e Cana)",2022,1001480.0,1001480000.0,1.00148
BRASILAGRO - CIA BRAS DE PROP AGRICOLAS,"Agricultura (Açúcar, Álcool e Cana)",2022,837746.0,837746000.0,0.837746
CERRADINHO BIOENERGIA S.A.,"Agricultura (Açúcar, Álcool e Cana)",2022,778578.0,778578000.0,0.778578
JALLES MACHADO S.A.,"Agricultura (Açúcar, Álcool e Cana)",2022,558356.0,558356000.0,0.558356
VITTIA S.A.,"Agricultura (Açúcar, Álcool e Cana)",2022,255225.0,255225000.0,0.255225
CTC - CENTRO DE TECNOLOGIA CANAVIEIRA S.A.,"Agricultura (Açúcar, Álcool e Cana)",2022,242401.0,242401000.0,0.242401
TERRA SANTA PROPRIEDADES AGRÍCOLAS S.A.,"Agricultura (Açúcar, Álcool e Cana)",2022,175192.0,175192000.0,0.175192
NUTRIPLANT INDUSTRIA E COMERCIO S.A.,"Agricultura (Açúcar, Álcool e Cana)",2022,15011.0,15011000.0,0.015011
POMIFRUTAS S/A EM RECUPERACAO JUDICIAL,"Agricultura (Açúcar, Álcool e Cana)",2022,-4912.0,-4912000.0,-0.004912
JBS S.A.,Alimentos,2022,36730907.0,36730907000.0,36.730907
MARFRIG GLOBAL FOODS S.A.,Alimentos,2022,9409354.0,9409354000.0,9.409354
MINERVA S.A.,Alimentos,2022,1253943.0,1253943000.0,1.253943
M.DIAS BRANCO S.A. IND COM DE ALIMENTOS,Alimentos,2022,986825.0,986825000.0,0.986825
CAMIL ALIMENTOS S.A.,Alimentos,2022,941397.0,941397000.0,0.941397
CARAMURU ALIMENTOS S.A.,Alimentos,2022,702611.0,702611000.0,0.702611
J. MACEDO S.A.,Alimentos,2022,452159.0,452159000.0,0.452159
CONSERVAS ODERICH S.A.,Alimentos,2022,211964.0,211964000.0,0.211964
GRANJA FARIA S.A.,Alimentos,2022,188591.0,188591000.0,0.188591
BOA SAFRA SEMENTES S.A.,Alimentos,2022,175292.0,175292000.0,0.175292
INTERNATIONAL MEAL COMPANY ALIMENTACAO S.A.,Alimentos,2022,-7780.0,-7780000.0,-0.00778
MADERO INDÚSTRIA E COMÉRCIO S.A.,Alimentos,2022,-267870.0,-267870000.0,-0.26787
ZAMP SA,Alimentos,2022,-329627.0,-329627000.0,-0.329627
BCO BRASIL S.A.,Bancos,2022,49572206.0,49572206000.0,49.572206
BCO BRADESCO S.A.,Bancos,2022,44598000.0,44598000000.0,44.598
BCO SANTANDER (BRASIL) S.A.,Bancos,2022,29898798.0,29898798000.0,29.898798
BCO DAYCOVAL S.A.,Bancos,2022,2465162.0,2465162000.0,2.465162
BANCO DO ESTADO DO RIO GRANDE DO SUL SA,Bancos,2022,1926707.0,1926707000.0,1.926707
BCO ABC BRASIL S.A.,Bancos,2022,1352608.0,1352608000.0,1.352608
BRB BANCO DE BRASILIA S.A.,Bancos,2022,797958.0,797958000.0,0.797958
BANESTES S.A. - BCO EST ESPIRITO SANTO,Bancos,2022,576319.0,576319000.0,0.576319
BCO MERCANTIL DO BRASIL S.A.,Bancos,2022,401425.0,401425000.0,0.401425
BANCO RCI BRASIL S.A.,Bancos,2022,358727.0,358727000.0,0.358727
BCO ALFA DE INVESTIMENTO S.A.,Bancos,2022,0.0,0.0,0.0
FINANCEIRA ALFA S.A.- CRED FINANC E INVS,Bancos,2022,0.0,0.0,0.0
AMBEV S.A.,Bebidas e Fumo,2022,56027746.0,56027746000.0,56.027746
SOLAR BEBIDAS S.A.,Bebidas e Fumo,2022,1718923.0,1718923000.0,1.718923
"B3 S.A. - BRASIL, BOLSA, BALCÃO",Bolsas de Valores/Mercadorias e Futuros,2022,17887374.0,17887374000.0,17.887374
CINESYSTEM S.A.,Brinquedos e Lazer,2022,-34916.0,-34916000.0,-0.034916
BLUEFIT ACADEMIAS DE GINÁSTICA E PARTICIPAÇÕES S.A.,Brinquedos e Lazer,2022,-38801.0,-38801000.0,-0.038801
MANUFATURA DE BRINQUEDOS ESTRELA S.A.,Brinquedos e Lazer,2022,-50823.0,-50823000.0,-0.050823
T4F ENTRETENIMENTO S.A.,Brinquedos e Lazer,2022,-72979.0,-72979000.0,-0.072979
SMARTFIT ESCOLA DE GINÁSTICA E DANÇA S.A.,Brinquedos e Lazer,2022,-1438136.0,-1438136000.0,-1.438136
TOTVS S.A.,Comunicação e Informática,2022,897338.0,897338000.0,0.897338
GRUPO MULTILASER S.A.,Comunicação e Informática,2022,864682.0,864682000.0,0.864682
POSITIVO TECNOLOGIA S.A.,Comunicação e Informática,2022,509253.0,509253000.0,0.509253
BOA VISTA SERVIÇOS S.A.,Comunicação e Informática,2022,472947.0,472947000.0,0.472947
BRQ SOLUCOES EM INFORMATICA S.A.,Comunicação e Informática,2022,251426.0,251426000.0,0.251426
SENIOR SISTEMAS S.A.,Comunicação e Informática,2022,238044.0,238044000.0,0.238044
BEMOBI MOBILE TECH S.A.,Comunicação e Informática,2022,160915.0,160915000.0,0.160915
VALID SOLUÇÕES S.A.,Comunicação e Informática,2022,117565.0,117565000.0,0.117565
SINQIA S.A.,Comunicação e Informática,2022,75538.0,75538000.0,0.075538
DATORA PARTICIPAÇÕES E SERVIÇOS S.A.,Comunicação e Informática,2022,39509.0,39509000.0,0.039509
NEOGRID PARTICIPAÇÕES S.A.,Comunicação e Informática,2022,27695.0,27695000.0,0.027695
LWSA S/A,Comunicação e Informática,2022,14532.0,14532000.0,0.014532
CLARANET TECHNOLOGY S.A.,Comunicação e Informática,2022,-12180.0,-12180000.0,-0.01218
BIONEXO S.A.,Comunicação e Informática,2022,-88003.0,-88003000.0,-0.088003
MÉLIUZ S.A.,Comunicação e Informática,2022,-92482.0,-92482000.0,-0.092482
CLEAR SALE S.A.,Comunicação e Informática,2022,-111578.0,-111578000.0,-0.111578
ECONOMATICA S.A.,Comunicação e Informática,2022,-121138.0,-121138000.0,-0.121138
DOTZ S.A.,Comunicação e Informática,2022,-177447.0,-177447000.0,-0.177447
FLEX GESTÃO DE RELACIONAMENTOS S.A.-EM RECUPERAÇÃO JUDICIAL,Comunicação e Informática,2022,-395332.0,-395332000.0,-0.395332
VIVARA PARTICIPAÇÕES S.A.,Comércio (Atacado e Varejo),2022,659344688.0,659344688000.0,659.344688
VIBRA ENERGIA S/A,Comércio (Atacado e Varejo),2022,8068000.0,8068000000.0,8.068
RAÍZEN S.A.,Comércio (Atacado e Varejo),2022,4288907.0,4288907000.0,4.288907
LOJAS RENNER S.A.,Comércio (Atacado e Varejo),2022,3849632.0,3849632000.0,3.849632
RAIA DROGASIL S.A.,Comércio (Atacado e Varejo),2022,3558202.0,3558202000.0,3.558202
CIA BRASILEIRA DE DISTRIBUICAO,Comércio (Atacado e Varejo),2022,1912000.0,1912000000.0,1.912
TECIDOS E ARMARINHOS MIGUEL BARTOLOMEU S.A.,Comércio (Atacado e Varejo),2022,1089278.0,1089278000.0,1.089278
EMPREENDIMENTOS PAGUE MENOS S.A.,Comércio (Atacado e Varejo),2022,855012.0,855012000.0,0.855012
INTELBRAS S.A. IND. DE TELECOMUNICAÇÃO ELETRÔNICA BRASILEIRA,Comércio (Atacado e Varejo),2022,842757.0,842757000.0,0.842757
ALLIED TECNOLOGIA S.A.,Comércio (Atacado e Varejo),2022,728754.0,728754000.0,0.728754
GRUPO SBF S.A.,Comércio (Atacado e Varejo),2022,702433.0,702433000.0,0.702433
CM HOSPITALAR S.A,Comércio (Atacado e Varejo),2022,654888.0,654888000.0,0.654888
LUPO S.A.,Comércio (Atacado e Varejo),2022,507556.0,507556000.0,0.507556
DIMED S.A. DISTRIBUIDORA DE MEDICAMENTOS,Comércio (Atacado e Varejo),2022,331542.0,331542000.0,0.331542
IGUATEMI EMPRESA DE SHOPPING CENTERS S.A,Comércio (Atacado e Varejo),2022,324867.0,324867000.0,0.324867
GRAZZIOTIN S.A.,Comércio (Atacado e Varejo),2022,293847.0,293847000.0,0.293847
PET CENTER COMÉRCIO E PARTICIPAÇÕES S.A.,Comércio (Atacado e Varejo),2022,251252.0,251252000.0,0.251252
OUROFINO S.A.,Comércio (Atacado e Varejo),2022,244615.0,244615000.0,0.244615
PROFARMA DISTRIB PROD FARMACEUTICOS S.A.,Comércio (Atacado e Varejo),2022,164153.0,164153000.0,0.164153
SARAIVA LIVREIROS S.A. - EM RECUPERAÇÃO JUDICIAL,Comércio (Atacado e Varejo),2022,161972.0,161972000.0,0.161972
AGROGALAXY PARTICIPAÇÕES S.A. - EM RECUPERAÇÃO JUDICIAL,Comércio (Atacado e Varejo),2022,148344.0,148344000.0,0.148344
HUMBERG AGRIBRASIL COMÉRCIO E EXPORTAÇÃO DE GRÃOS S.A.,Comércio (Atacado e Varejo),2022,127601.0,127601000.0,0.127601
SBF COMÉRCIO DE PRODUTOS ESPORTIVOS S.A.,Comércio (Atacado e Varejo),2022,120480.0,120480000.0,0.12048
LOJAS QUERO QUERO S.A.,Comércio (Atacado e Varejo),2022,99048.0,99048000.0,0.099048
LIVETECH DA BAHIA INDÚSTRIA E COMÉRCIO S.A.,Comércio (Atacado e Varejo),2022,95623.0,95623000.0,0.095623
MAGAZINE LUIZA S.A.,Comércio (Atacado e Varejo),2022,91686.0,91686000.0,0.091686
TECHNOS S.A.,Comércio (Atacado e Varejo),2022,68006.0,68006000.0,0.068006
GRUPO FARTURA DE HORTIFRUT S.A.,Comércio (Atacado e Varejo),2022,55075.0,55075000.0,0.055075
FARMÁCIA E DROGARIA NISSEI S.A.,Comércio (Atacado e Varejo),2022,32324.0,32324000.0,0.032324
D1000 VAREJO FARMA PARTICIPAÇÕES S.A.,Comércio (Atacado e Varejo),2022,13334.0,13334000.0,0.013334
W2W E-COMMERCE DE VINHOS S.A.,Comércio (Atacado e Varejo),2022,-23837.0,-23837000.0,-0.023837
JHSF MALLS S.A.,Comércio (Atacado e Varejo),2022,-72260.0,-72260000.0,-0.07226
GRUPO TOKY S.A. - EM RECUPERAÇÃO JUDICIAL,Comércio (Atacado e Varejo),2022,-174647.0,-174647000.0,-0.174647
ENJOEI S.A.,Comércio (Atacado e Varejo),2022,-185300.0,-185300000.0,-0.1853
CVLB BRASIL S.A EM RECUPERAÇÃO JUDICAL,Comércio (Atacado e Varejo),2022,-212900.0,-212900000.0,-0.2129
INFRACOMMERCE CXAAS S.A.,Comércio (Atacado e Varejo),2022,-304007.0,-304007000.0,-0.304007
CENCOSUD BRASIL COMERCIAL S.A.,Comércio (Atacado e Varejo),2022,-541750.0,-541750000.0,-0.54175
MARISA LOJAS S.A.,Comércio (Atacado e Varejo),2022,-612419.0,-612419000.0,-0.612419
GENERAL SHOPPING E OUTLETS DO BRASIL BRASIL S.A.,Comércio (Atacado e Varejo),2022,-686484.0,-686484000.0,-0.686484
GRUPO CASAS BAHIA S.A.,Comércio (Atacado e Varejo),2022,-1278000.0,-1278000000.0,-1.278
AMERICANAS S.A. - EM RECUPERAÇÃO JUDICIAL,Comércio (Atacado e Varejo),2022,-38297800.0,-38297800000.0,-38.2978
DEXCO S.A.,"Construção Civil, Mat. Constr. e Decoração",2022,4981208.0,4981208000.0,4.981208
VOTORANTIM CIMENTOS S.A.,"Construção Civil, Mat. Constr. e Decoração",2022,2772166.0,2772166000.0,2.772166
CYRELA BRAZIL REALTY S.A.EMPREEND E PART,"Construção Civil, Mat. Constr. e Decoração",2022,1875905.0,1875905000.0,1.875905
INTERCEMENT BRASIL S.A. - EM RECUPERAÇÃO JUDICIAL,"Construção Civil, Mat. Constr. e Decoração",2022,1378984.0,1378984000.0,1.378984
TIGRE S.A. PARTICIPAÇÕES,"Construção Civil, Mat. Constr. e Decoração",2022,1181589.0,1181589000.0,1.181589
LOG COMMERCIAL PROPERTIES E PARTICIPAÇÕES,"Construção Civil, Mat. Constr. e Decoração",2022,783936.0,783936000.0,0.783936
MRV ENGENHARIA E PARTICIPACOES S.A.,"Construção Civil, Mat. Constr. e Decoração",2022,753342.0,753342000.0,0.753342
EUCATEX S.A. INDUSTRIA E COMERCIO,"Construção Civil, Mat. Constr. e Decoração",2022,685474.0,685474000.0,0.685474
CURY CONSTRUTORA E INCORPORADORA S.A.,"Construção Civil, Mat. Constr. e Decoração",2022,663749.0,663749000.0,0.663749
EVEN CONSTRUTORA E INCORPORADORA S.A.,"Construção Civil, Mat. Constr. e Decoração",2022,481253.0,481253000.0,0.481253
DIRECIONAL ENGENHARIA S.A.,"Construção Civil, Mat. Constr. e Decoração",2022,449251.0,449251000.0,0.449251
ETERNIT S.A.,"Construção Civil, Mat. Constr. e Decoração",2022,407159.0,407159000.0,0.407159
MOURA DUBEUX ENGENHARIA S/A,"Construção Civil, Mat. Constr. e Decoração",2022,380000.0,380000000.0,0.38
PBG S/A,"Construção Civil, Mat. Constr. e Decoração",2022,369327.0,369327000.0,0.369327
LAVVI EMPREENDIMENTOS IMOBILIÁRIOS S.A.,"Construção Civil, Mat. Constr. e Decoração",2022,335209.0,335209000.0,0.335209
HBR REALTY EMPREENDIMENTOS IMOBILIÁRIOS S.A.,"Construção Civil, Mat. Constr. e Decoração",2022,300963.0,300963000.0,0.300963
PLANO & PLANO DESENVOLVIMENTO IMOBILIÁRIO S.A.,"Construção Civil, Mat. Constr. e Decoração",2022,267650.0,267650000.0,0.26765
HELBOR EMPREENDIMENTOS S.A.,"Construção Civil, Mat. Constr. e Decoração",2022,252640.0,252640000.0,0.25264
PATRIMAR ENGENHARIA S.A.,"Construção Civil, Mat. Constr. e Decoração",2022,227310.0,227310000.0,0.22731
YOU INC INCORPORADORA E PARTICIPAÇÕES S.A,"Construção Civil, Mat. Constr. e Decoração",2022,201779.0,201779000.0,0.201779
CONSTRUTORA METROCASA S.A.,"Construção Civil, Mat. Constr. e Decoração",2022,171251.0,171251000.0,0.171251
CONSTRUTORA SULTEPA S.A. - EM RECUPERAÇÃO JUDICIAL,"Construção Civil, Mat. Constr. e Decoração",2022,162168.0,162168000.0,0.162168
PRINER SERVIÇOS INDUSTRIAIS S.A.,"Construção Civil, Mat. Constr. e Decoração",2022,158866.0,158866000.0,0.158866
KALLAS INCORPORAÇÕES E CONSTRUÇÕES S.A.,"Construção Civil, Mat. Constr. e Decoração",2022,124196.0,124196000.0,0.124196
AZEVEDO E TRAVASSOS S.A.,"Construção Civil, Mat. Constr. e Decoração",2022,110164.0,110164000.0,0.110164
RIVA INCORPORADORA S.A,"Construção Civil, Mat. Constr. e Decoração",2022,105882.0,105882000.0,0.105882
INC EMPREENDIMENTOS IMOBILIÁRIOS S.A.,"Construção Civil, Mat. Constr. e Decoração",2022,93322.0,93322000.0,0.093322
MITRE REALTY EMPREENDIMENTOS E PARTICIPAÇÕES S.A.,"Construção Civil, Mat. Constr. e Decoração",2022,64604.0,64604000.0,0.064604
FULWOOD S.A.,"Construção Civil, Mat. Constr. e Decoração",2022,63861.0,63861000.0,0.063861
EMCCAMP RESIDENCIAL S.A.,"Construção Civil, Mat. Constr. e Decoração",2022,59174.0,59174000.0,0.059174
UNICASA INDÚSTRIA DE MÓVEIS S.A.,"Construção Civil, Mat. Constr. e Decoração",2022,58885.0,58885000.0,0.058885
BRZ EMPREENDIMENTOS E CONSTRUÇÕES S.A.,"Construção Civil, Mat. Constr. e Decoração",2022,51042.0,51042000.0,0.051042
PACAEMBU CONSTRUTORA S.A.,"Construção Civil, Mat. Constr. e Decoração",2022,48047.0,48047000.0,0.048047
RNI NEGÓCIOS IMOBILIÁRIOS S.A.,"Construção Civil, Mat. Constr. e Decoração",2022,46575.0,46575000.0,0.046575
SONDOTECNICA ENGENHARIA SOLOS S.A.,"Construção Civil, Mat. Constr. e Decoração",2022,28139.0,28139000.0,0.028139
URBA DESENVOLVIMENTO URBANO S.A.,"Construção Civil, Mat. Constr. e Decoração",2022,19279.0,19279000.0,0.019279
CONSTRUTORA ADOLPHO LINDENBERG S.A.,"Construção Civil, Mat. Constr. e Decoração",2022,14467.0,14467000.0,0.014467
EZ INC INCORPORAÇÕES S.A.,"Construção Civil, Mat. Constr. e Decoração",2022,13260.0,13260000.0,0.01326
CORREA RIBEIRO S.A. COMERCIO E INDUSTRIA,"Construção Civil, Mat. Constr. e Decoração",2022,7293.0,7293000.0,0.007293
GAFISA S.A.,"Construção Civil, Mat. Constr. e Decoração",2022,-2142.0,-2142000.0,-0.002142
FICA EMPREENDIMENTOS IMOBILIÁRIOS S.A.,"Construção Civil, Mat. Constr. e Decoração",2022,-14535.0,-14535000.0,-0.014535
YUNY INCORPORADORA HOLDING S.A.,"Construção Civil, Mat. Constr. e Decoração",2022,-38484.0,-38484000.0,-0.038484
VIVER INCORPORADORA E CONSTRUTORA S.A.,"Construção Civil, Mat. Constr. e Decoração",2022,-70450.0,-70450000.0,-0.07045
JOAO FORTES ENGENHARIA S.A. - EM RECUPERAÇÃO JUDICIAL,"Construção Civil, Mat. Constr. e Decoração",2022,-319375.0,-319375000.0,-0.319375
TECNISA S.A.,"Construção Civil, Mat. Constr. e Decoração",2022,-366682.0,-366682000.0,-0.366682
ROSSI RESIDENCIAL S.A. - EM RECUPERAÇÃO JUDICIAL,"Construção Civil, Mat. Constr. e Decoração",2022,-630915.0,-630915000.0,-0.630915
CONSTRUTORA TENDA S.A.,"Construção Civil, Mat. Constr. e Decoração",2022,-752302.0,-752302000.0,-0.752302
ALPHAVILLE S.A.,"Construção Civil, Mat. Constr. e Decoração",2022,-792413.0,-792413000.0,-0.792413
INSPIRALI EDUCAÇÃO S.A.,Educação,2022,1429317.0,1429317000.0,1.429317
SABER SERVIÇOS EDUCACIONAIS S.A.,Educação,2022,227228.0,227228000.0,0.227228
VITRU EDUCAÇÃO S.A.,Educação,2022,150348.0,150348000.0,0.150348
CRUZEIRO DO SUL EDUCACIONAL S.A.,Educação,2022,89561.0,89561000.0,0.089561
ANIMA HOLDING S.A.,Educação,2022,-69874.0,-69874000.0,-0.069874
SER EDUCACIONAL S.A.,Educação,2022,-169665.0,-169665000.0,-0.169665
IRANI PAPEL E EMBALAGEM S.A.,Embalagens,2022,663523.0,663523000.0,0.663523
CIA MINEIRA DE AÇUCAR E ALCOOL PARTICIPAÇÕES,"Emp. Adm. Part. - Agricultura (Açúcar, Álcool e Cana)",2022,249064.0,249064000.0,0.249064
ALIPERTI S.A.,"Emp. Adm. Part. - Agricultura (Açúcar, Álcool e Cana)",2022,-38040.0,-38040000.0,-0.03804
GRANBIO INVESTIMENTOS S.A.,"Emp. Adm. Part. - Agricultura (Açúcar, Álcool e Cana)",2022,-144772.0,-144772000.0,-0.144772
JOSAPAR-JOAQUIM OLIVEIRA S.A. - PARTICIP,Emp. Adm. Part. - Alimentos,2022,74447.0,74447000.0,0.074447
MINUPAR PARTICIPACOES S.A.,Emp. Adm. Part. - Alimentos,2022,40365.0,40365000.0,0.040365
FICTOR ALIMENTOS S.A. - EM RECUPERAÇÃO JUDICIAL,Emp. Adm. Part. - Alimentos,2022,16094.0,16094000.0,0.016094
BRF S.A.,Emp. Adm. Part. - Alimentos,2022,-2704242.0,-2704242000.0,-2.704242
BRBI BR PARTNERS S.A,Emp. Adm. Part. - Bancos,2022,285685.0,285685000.0,0.285685
QUALITY SOFTWARE S.A.,Emp. Adm. Part. - Comunicação e Informática,2022,23355367.0,23355367000.0,23.355367
ELETROMIDIA S.A.,Emp. Adm. Part. - Comunicação e Informática,2022,39931.0,39931000.0,0.039931
VOKE S.A.,Emp. Adm. Part. - Comunicação e Informática,2022,-13246.0,-13246000.0,-0.013246
CONTAX PARTICIPAÇÕES S.A. - EM RECUPERAÇÃO JUDICIAL,Emp. Adm. Part. - Comunicação e Informática,2022,-591520.0,-591520000.0,-0.59152
ATACADÃO S.A.,Emp. Adm. Part. - Comércio (Atacado e Varejo),2022,10728000.0,10728000000.0,10.728
GRUPO MATEUS S.A.,Emp. Adm. Part. - Comércio (Atacado e Varejo),2022,3667172.0,3667172000.0,3.667172
BR MALLS PARTICIPACOES S.A.,Emp. Adm. Part. - Comércio (Atacado e Varejo),2022,1681068.0,1681068000.0,1.681068
ALLOS S.A.,Emp. Adm. Part. - Comércio (Atacado e Varejo),2022,1081098.0,1081098000.0,1.081098
IGUATEMI S.A.,Emp. Adm. Part. - Comércio (Atacado e Varejo),2022,359026.0,359026000.0,0.359026
CANTU STORE S.A.,Emp. Adm. Part. - Comércio (Atacado e Varejo),2022,263267.0,263267000.0,0.263267
ALMEIDA JUNIOR SHOPPING CENTERS S.A.,Emp. Adm. Part. - Comércio (Atacado e Varejo),2022,197658.0,197658000.0,0.197658
AUTOMOB S.A.,Emp. Adm. Part. - Comércio (Atacado e Varejo),2022,132755.0,132755000.0,0.132755
VESTE S.A. ESTILO,Emp. Adm. Part. - Comércio (Atacado e Varejo),2022,-749038.0,-749038000.0,-0.749038
SYN PROP & TECH S.A.,"Emp. Adm. Part. - Const. Civil, Mat. Const. e Decoração",2022,2742508.0,2742508000.0,2.742508
MULTIPLAN - EMPREEND IMOBILIARIOS S.A.,"Emp. Adm. Part. - Const. Civil, Mat. Const. e Decoração",2022,2444172.0,2444172000.0,2.444172
JHSF PARTICIPACOES S.A.,"Emp. Adm. Part. - Const. Civil, Mat. Const. e Decoração",2022,1613313.0,1613313000.0,1.613313
EZ TEC EMPREEND. E PARTICIPACOES S.A.,"Emp. Adm. Part. - Const. Civil, Mat. Const. e Decoração",2022,794244.0,794244000.0,0.794244
GUARARAPES PAINÉIS S.A.,"Emp. Adm. Part. - Const. Civil, Mat. Const. e Decoração",2022,591771.0,591771000.0,0.591771
TRISUL S.A.,"Emp. Adm. Part. - Const. Civil, Mat. Const. e Decoração",2022,403428.0,403428000.0,0.403428
TEGRA INCORPORADORA S.A.,"Emp. Adm. Part. - Const. Civil, Mat. Const. e Decoração",2022,353225.0,353225000.0,0.353225
MELNICK DESENVOLVIMENTO IMOBILIÁRIO S.A.,"Emp. Adm. Part. - Const. Civil, Mat. Const. e Decoração",2022,211952.0,211952000.0,0.211952
LPS BRASIL - CONSULTORIA DE IMOVEIS S.A.,"Emp. Adm. Part. - Const. Civil, Mat. Const. e Decoração",2022,84165.0,84165000.0,0.084165
SUGOI S.A.,"Emp. Adm. Part. - Const. Civil, Mat. Const. e Decoração",2022,9488.0,9488000.0,0.009488
PDG REALTY S.A. EMPREEND E PARTICIPACOES,"Emp. Adm. Part. - Const. Civil, Mat. Const. e Decoração",2022,-204265.0,-204265000.0,-0.204265
NEXPE PARTICIPAÇÕES S.A,"Emp. Adm. Part. - Const. Civil, Mat. Const. e Decoração",2022,-223876.0,-223876000.0,-0.223876
CIA HABITASUL DE PARTICIPACOES,Emp. Adm. Part. - Crédito Imobiliário,2022,250588.0,250588000.0,0.250588
BRAZILIAN FINANCE E REAL ESTATE S.A.,Emp. Adm. Part. - Crédito Imobiliário,2022,28035.0,28035000.0,0.028035
CEL PARTICIPAÇÕES S.A. - CELPAR,Emp. Adm. Part. - Educação,2022,1069714.0,1069714000.0,1.069714
YDUQS PARTICIPACOES S.A.,Emp. Adm. Part. - Educação,2022,205454.0,205454000.0,0.205454
BIOMA EDUCAÇÃO S.A.,Emp. Adm. Part. - Educação,2022,-152250.0,-152250000.0,-0.15225
COGNA EDUCAÇÃO S.A.,Emp. Adm. Part. - Educação,2022,-1053983.0,-1053983000.0,-1.053983
CPFL ENERGIA S.A.,Emp. Adm. Part. - Energia Elétrica,2022,20145128.0,20145128000.0,20.145128
AXIA ENERGIA S.A.,Emp. Adm. Part. - Energia Elétrica,2022,9352015.0,9352015000.0,9.352015
NEOENERGIA S.A.,Emp. Adm. Part. - Energia Elétrica,2022,8853000.0,8853000000.0,8.853
TRANSMISSORA ALIANÇA DE ENERGIA ELÉTRICA S.A.,Emp. Adm. Part. - Energia Elétrica,2022,7325858.0,7325858000.0,7.325858
CPFL ENERGIAS RENOVÁVEIS S.A.,Emp. Adm. Part. - Energia Elétrica,2022,5603448.0,5603448000.0,5.603448
ENERGISA S.A.,Emp. Adm. Part. - Energia Elétrica,2022,5242827.0,5242827000.0,5.242827
ALUPAR INVESTIMENTO S/A,Emp. Adm. Part. - Energia Elétrica,2022,3786689.0,3786689000.0,3.786689
ELETRORIVER S.A.,Emp. Adm. Part. - Energia Elétrica,2022,1258719.0,1258719000.0,1.258719
ARGO ENERGIA EMPREENDIMENTOS E PARTICIPAÇÕES S/A,Emp. Adm. Part. - Energia Elétrica,2022,927607.0,927607000.0,0.927607
AUREN OPERAÇÕES S.A.,Emp. Adm. Part. - Energia Elétrica,2022,814174.0,814174000.0,0.814174
SERENA ENERGIA S.A.,Emp. Adm. Part. - Energia Elétrica,2022,590200.0,590200000.0,0.5902
ENERGISA TRANSMISSÃO DE ENERGIA S/A,Emp. Adm. Part. - Energia Elétrica,2022,576435.0,576435000.0,0.576435
SERENA GERAÇÃO S.A.,Emp. Adm. Part. - Energia Elétrica,2022,353779.0,353779000.0,0.353779
CELEO REDES TRANSMISSÃO DE ENERGIA S.A.,Emp. Adm. Part. - Energia Elétrica,2022,99504.0,99504000.0,0.099504
SAFIRA HOLDING S.A.,Emp. Adm. Part. - Energia Elétrica,2022,38475.0,38475000.0,0.038475
CIA CELG DE PARTICIPACOES - CELGPAR,Emp. Adm. Part. - Energia Elétrica,2022,0.0,0.0,0.0
FOZ DO RIO CLARO ENERGIA S.A.,Emp. Adm. Part. - Energia Elétrica,2022,-1513.0,-1513000.0,-0.001513
ASA BRANCA HOLDING S.A.,Emp. Adm. Part. - Energia Elétrica,2022,-5184.0,-5184000.0,-0.005184
RIO ALTO STL HOLDING I S.A.,Emp. Adm. Part. - Energia Elétrica,2022,-12984.0,-12984000.0,-0.012984
BRASILIANA PARTICIPAÇÕES S/A,Emp. Adm. Part. - Energia Elétrica,2022,-41011.0,-41011000.0,-0.041011
RIO ENERGY PARTICIPAÇÕES S.A.,Emp. Adm. Part. - Energia Elétrica,2022,-183894.0,-183894000.0,-0.183894
LIGHT S.A. - EM RECUPERAÇÃO JUDICIAL,Emp. Adm. Part. - Energia Elétrica,2022,-5274258.0,-5274258000.0,-5.274258
BRADESPAR S.A.,Emp. Adm. Part. - Extração Mineral,2022,11806936.0,11806936000.0,11.806936
AURA ALMAS MINERAÇÃO S.A.,Emp. Adm. Part. - Extração Mineral,2022,27659.0,27659000.0,0.027659
CCX CARVÃO DA COLÔMBIA S.A. - EM LIQUIDAÇÃO,Emp. Adm. Part. - Extração Mineral,2022,-9185.0,-9185000.0,-0.009185
ITAÚSA S.A.,Emp. Adm. Part. - Intermediação Financeira,2022,54890000.0,54890000000.0,54.89
CONSORCIO ALFA DE ADMINISTRACAO S.A.,Emp. Adm. Part. - Intermediação Financeira,2022,150534.0,150534000.0,0.150534
CREDGRID SERVIÇOS FINANCEIROS S.A.,Emp. Adm. Part. - Intermediação Financeira,2022,149053.0,149053000.0,0.149053
ARANDU INVESTIMENTOS S.A.,Emp. Adm. Part. - Intermediação Financeira,2022,-56847.0,-56847000.0,-0.056847
METALURGICA GERDAU S.A.,Emp. Adm. Part. - Metalurgia e Siderurgia,2022,54032764.0,54032764000.0,54.032764
KEPLER WEBER S.A.,Emp. Adm. Part. - Metalurgia e Siderurgia,2022,537103.0,537103000.0,0.537103
MANGELS INDUSTRIAL S.A.,Emp. Adm. Part. - Metalurgia e Siderurgia,2022,408054.0,408054000.0,0.408054
TEKNO S.A. - INDUSTRIA E COMERCIO,Emp. Adm. Part. - Metalurgia e Siderurgia,2022,104318.0,104318000.0,0.104318
WEG S.A.,"Emp. Adm. Part. - Máqs., Equip., Veíc. e Peças",2022,7930352.0,7930352000.0,7.930352
WLM PART. E COMÉRCIO DE MÁQUINAS E VEÍCULOS S.A.,"Emp. Adm. Part. - Máqs., Equip., Veíc. e Peças",2022,222999.0,222999000.0,0.222999
PRÁTICA PRODUTOS S.A.,"Emp. Adm. Part. - Máqs., Equip., Veíc. e Peças",2022,37889.0,37889000.0,0.037889
PLASCAR PARTICIPACOES INDUSTRIAIS S.A.,"Emp. Adm. Part. - Máqs., Equip., Veíc. e Peças",2022,-219351.0,-219351000.0,-0.219351
SUZANO HOLDING S.A.,Emp. Adm. Part. - Papel e Celulose,2022,32026989.0,32026989000.0,32.026989
ULTRAPAR PARTICIPACOES S.A.,Emp. Adm. Part. - Petróleo e Gás,2022,2723947.0,2723947000.0,2.723947
ENAUTA PARTICIPAÇÕES S.A.,Emp. Adm. Part. - Petróleo e Gás,2022,1827940.0,1827940000.0,1.82794
PETRORECÔNCAVO S.A.,Emp. Adm. Part. - Petróleo e Gás,2022,1330290.0,1330290000.0,1.33029
CBO HOLDING S.A.,Emp. Adm. Part. - Petróleo e Gás,2022,243611.0,243611000.0,0.243611
OCEÂNICA ENGENHARIA E CONSULTORIA S.A.,Emp. Adm. Part. - Petróleo e Gás,2022,68889.0,68889000.0,0.068889
COMPASS GÁS E ENERGIA S.A.,"Emp. Adm. Part. - Saneamento, Serv. Água e Gás",2022,7439868.0,7439868000.0,7.439868
BRK AMBIENTAL PARTICIPAÇÕES S.A.,"Emp. Adm. Part. - Saneamento, Serv. Água e Gás",2022,80516.0,80516000.0,0.080516
BB SEGURIDADE PARTICIPAÇÕES S.A.,Emp. Adm. Part. - Seguradoras e Corretoras,2022,9977788.0,9977788000.0,9.977788
CAIXA SEGURIDADE PARTICIPAÇÕES S.A.,Emp. Adm. Part. - Seguradoras e Corretoras,2022,4848992.0,4848992000.0,4.848992
ALPER CONSULTORIA E CORRETORA DE SEGUROS S.A.,Emp. Adm. Part. - Seguradoras e Corretoras,2022,30829.0,30829000.0,0.030829
MONTEIRO ARANHA S.A.,Emp. Adm. Part. - Sem Setor Principal,2022,1644300.0,1644300000.0,1.6443
GPS PARTICIPAÇÕES E EMPREENDIMENTOS S.A.,Emp. Adm. Part. - Sem Setor Principal,2022,916780.0,916780000.0,0.91678
XP INVESTIMENTOS S.A.,Emp. Adm. Part. - Sem Setor Principal,2022,429322.0,429322000.0,0.429322
HMOBI PARTICIPAÇÕES S.A.,Emp. Adm. Part. - Sem Setor Principal,2022,412273.0,412273000.0,0.412273
DEXXOS PARTICIPAÇÕES S.A.,Emp. Adm. Part. - Sem Setor Principal,2022,409600.0,409600000.0,0.4096
CIA PARTICIPACOES ALIANCA DA BAHIA,Emp. Adm. Part. - Sem Setor Principal,2022,351960.0,351960000.0,0.35196
EMBPAR PARTICIPAÇÕES S/A,Emp. Adm. Part. - Sem Setor Principal,2022,137344.0,137344000.0,0.137344
TREVISA INVESTIMENTOS S.A.,Emp. Adm. Part. - Sem Setor Principal,2022,38801.0,38801000.0,0.038801
REAG CAPITAL HOLDING S.A.,Emp. Adm. Part. - Sem Setor Principal,2022,12033.0,12033000.0,0.012033
MLOG S.A.,Emp. Adm. Part. - Sem Setor Principal,2022,-76744.0,-76744000.0,-0.076744
SAO CARLOS EMPREEND E PARTICIPACOES S.A.,Emp. Adm. Part. - Sem Setor Principal,2022,-105092.0,-105092000.0,-0.105092
OSX BRASIL S.A. - EM RECUPERAÇÃO JUDICIAL,Emp. Adm. Part. - Sem Setor Principal,2022,-165561.0,-165561000.0,-0.165561
YBYRÁ CAPITAL S.A.,Emp. Adm. Part. - Sem Setor Principal,2022,-524800.0,-524800000.0,-0.5248
BR PROPERTIES S.A.,Emp. Adm. Part. - Sem Setor Principal,2022,-2982448.0,-2982448000.0,-2.982448
MOTIVA INFRAESTRUTURA DE MOBILIDADE S.A.,Emp. Adm. Part. - Serviços Transporte e Logística,2022,5017776.0,5017776000.0,5.017776
SANTOS BRASIL PARTICIPACOES S.A.,Emp. Adm. Part. - Serviços Transporte e Logística,2022,1371712.0,1371712000.0,1.371712
RUMO S.A.,Emp. Adm. Part. - Serviços Transporte e Logística,2022,1339524.0,1339524000.0,1.339524
ECORODOVIAS CONCESSÕES E SERVIÇOS S.A.,Emp. Adm. Part. - Serviços Transporte e Logística,2022,866139.0,866139000.0,0.866139
WILSON SONS S.A.,Emp. Adm. Part. - Serviços Transporte e Logística,2022,562667.0,562667000.0,0.562667
LM TRANSPORTES INTERESTADUAIS SERVIÇOS E COMÉRCIO S.A.,Emp. Adm. Part. - Serviços Transporte e Logística,2022,239562.0,239562000.0,0.239562
AUSTRAVIAS S.A.,Emp. Adm. Part. - Serviços Transporte e Logística,2022,34249.0,34249000.0,0.034249
TPI - TRIUNFO PARTICIP. E INVEST. S.A.,Emp. Adm. Part. - Serviços Transporte e Logística,2022,11332.0,11332000.0,0.011332
RODOVIAS DO BRASIL HOLDING S.A.,Emp. Adm. Part. - Serviços Transporte e Logística,2022,-134505.0,-134505000.0,-0.134505
INVESTIMENTOS E PARTICIP. EM INFRA S.A. - INVEPAR,Emp. Adm. Part. - Serviços Transporte e Logística,2022,-2742028.0,-2742028000.0,-2.742028
AZUL S.A.,Emp. Adm. Part. - Serviços Transporte e Logística,2022,-4935575.0,-4935575000.0,-4.935575
GOL LINHAS AEREAS INTELIGENTES S.A.,Emp. Adm. Part. - Serviços Transporte e Logística,2022,-17490554.0,-17490554000.0,-17.490554
ATHENA SAÚDE BRASIL SA,Emp. Adm. Part. - Serviços médicos,2022,-94258.0,-94258000.0,-0.094258
BCBF PARTICIPAÇÕES S.A.,Emp. Adm. Part. - Serviços médicos,2022,-961253.0,-961253000.0,-0.961253
CLARO TELECOM PARTICIPAÇÕES S.A.,Emp. Adm. Part. - Telecomunicações,2022,6038211.0,6038211000.0,6.038211
UNIFIQUE TELECOMUNICAÇÕES S.A.,Emp. Adm. Part. - Telecomunicações,2022,210747.0,210747000.0,0.210747
BRISANET PARTICIPAÇÕES S.A.,Emp. Adm. Part. - Telecomunicações,2022,62947.0,62947000.0,0.062947
PADTEC HOLDING S.A.,Emp. Adm. Part. - Telecomunicações,2022,60703.0,60703000.0,0.060703
SUL 116 PARTICIPAÇÕES S.A. - EM LIQUIDAÇÃO,Emp. Adm. Part. - Telecomunicações,2022,-245.0,-245000.0,-0.000245
ALARES INTERNET PARTICIPAÇÕES S/A,Emp. Adm. Part. - Telecomunicações,2022,-155510.0,-155510000.0,-0.15551
AMMO VAREJO S.A.,Emp. Adm. Part. - Têxtil e Vestuário,2022,-138737.0,-138737000.0,-0.138737
SPRINGS GLOBAL PARTICIPACOES S.A.,Emp. Adm. Part. - Têxtil e Vestuário,2022,-784361.0,-784361000.0,-0.784361
ENGIE BRASIL ENERGIA S.A.,Energia Elétrica,2022,12688614.0,12688614000.0,12.688614
CIA PARANAENSE DE ENERGIA - COPEL,Energia Elétrica,2022,12395846.0,12395846000.0,12.395846
ISA ENERGIA BRASIL,Energia Elétrica,2022,10715198.0,10715198000.0,10.715198
CIA ENERGETICA DE MINAS GERAIS - CEMIG,Energia Elétrica,2022,7847236.0,7847236000.0,7.847236
EDP - ENERGIAS DO BRASIL S.A.,Energia Elétrica,2022,7160544.0,7160544000.0,7.160544
EQUATORIAL S.A.,Energia Elétrica,2022,6224512.0,6224512000.0,6.224512
CPFL GERACAO DE ENERGIA S.A.,Energia Elétrica,2022,4767008.0,4767008000.0,4.767008
COPEL GERAÇÃO E TRANSMISSÃO S.A.,Energia Elétrica,2022,4419558.0,4419558000.0,4.419558
AUREN ENERGIA S.A.,Energia Elétrica,2022,4416572.0,4416572000.0,4.416572
CHINA THREE GORGES BRASIL ENERGIA S.A.,Energia Elétrica,2022,4024290.0,4024290000.0,4.02429
REDE ENERGIA PARTICIPAÇÕES S.A.,Energia Elétrica,2022,3867992.0,3867992000.0,3.867992
CEMIG GERACAO E TRANSMISSAO S.A.,Energia Elétrica,2022,2956890.0,2956890000.0,2.95689
CPFL TRANSMISSÃO S.A.,Energia Elétrica,2022,1959312.0,1959312000.0,1.959312
COMPANHIA ENERGÉTICA DE BRASÍLIA - CEB,Energia Elétrica,2022,1561206.0,1561206000.0,1.561206
ENEVA S.A,Energia Elétrica,2022,1549066.0,1549066000.0,1.549066
CENTRAIS ELET DE SANTA CATARINA S.A.,Energia Elétrica,2022,1103734.0,1103734000.0,1.103734
CESP - CIA ENERGETICA DE SAO PAULO,Energia Elétrica,2022,881654.0,881654000.0,0.881654
RENOVA ENERGIA S.A.,Energia Elétrica,2022,807807.0,807807000.0,0.807807
AUREN PARTICIPAÇÕES S.A.,Energia Elétrica,2022,744711.0,744711000.0,0.744711
RIO PARANAPANEMA ENERGIA S.A.,Energia Elétrica,2022,468850.0,468850000.0,0.46885
STATKRAFT ENERGIAS RENOVAVEIS S.A.,Energia Elétrica,2022,421433.0,421433000.0,0.421433
LIGHT ENERGIA S.A.,Energia Elétrica,2022,249272.0,249272000.0,0.249272
EMAE - EMPRESA METROP. DE AGUAS E ENERGIA S.A.,Energia Elétrica,2022,217933.0,217933000.0,0.217933
ESSENTIA PCHS S.A.,Energia Elétrica,2022,203868.0,203868000.0,0.203868
COMPANHIA ESTADUAL DE GERAÇÃO DE ENERGIA ELÉTRICA - CEEE-G,Energia Elétrica,2022,195394.0,195394000.0,0.195394
MULTINER S/A,Energia Elétrica,2022,28397.0,28397000.0,0.028397
PRODUTORES ENERGET.DE MANSO S.A.- PROMAN,Energia Elétrica,2022,549.0,549000.0,0.000549
2W ECOBANK S.A. - EM RECUPERAÇÃO JUDICIAL,Energia Elétrica,2022,-21801.0,-21801000.0,-0.021801
ANEMUS WIND HOLDING S.A.,Energia Elétrica,2022,-29785.0,-29785000.0,-0.029785
RIO ALTO ENERGIAS RENOVÁVEIS S.A.,Energia Elétrica,2022,-261818.0,-261818000.0,-0.261818
COMERC ENERGIA S.A.,Energia Elétrica,2022,-287115.0,-287115000.0,-0.287115
VALE S.A.,Extração Mineral,2022,435360000.0,435360000000.0,435.36
CSN MINERAÇÃO S.A.,Extração Mineral,2022,9321264.0,9321264000.0,9.321264
COMPANHIA BRASILEIRA DE ALUMÍNIO,Extração Mineral,2022,1794973.0,1794973000.0,1.794973
EUROFARMA LABORATÓRIOS S.A.,Farmacêutico e Higiene,2022,6002823.0,6002823000.0,6.002823
HYPERA S.A.,Farmacêutico e Higiene,2022,3028704.0,3028704000.0,3.028704
BLAU FARMACÊUTICA S.A.,Farmacêutico e Higiene,2022,1368712.0,1368712000.0,1.368712
NATURA COSMÉTICOS S.A.,Farmacêutico e Higiene,2022,1057869.0,1057869000.0,1.057869
UNIÃO QUÍMICA FARMACÊUTICA NACIONAL S.A.,Farmacêutico e Higiene,2022,815719.0,815719000.0,0.815719
BOMBRIL S.A. - EM RECUPERAÇÃO JUDICIAL,Farmacêutico e Higiene,2022,89491.0,89491000.0,0.089491
INTERPLAYERS SOLUÇÕES INTEGRADAS S.A.,Farmacêutico e Higiene,2022,34500.0,34500000.0,0.0345
BIOMM S.A.,Farmacêutico e Higiene,2022,-172820.0,-172820000.0,-0.17282
NATURA &CO HOLDING S.A.,Farmacêutico e Higiene,2022,-1817937.0,-1817937000.0,-1.817937
HOTEIS OTHON S.A. - EM RECUPERAÇÃO JUDICIAL,Hospedagem e Turismo,2022,157755.0,157755000.0,0.157755
CVC BRASIL OPERADORA E AGÊNCIA DE VIAGENS S.A.,Hospedagem e Turismo,2022,-1840166.0,-1840166000.0,-1.840166
AMAZONE FUN PARKS S.A.,Hospedagem e Turismo,2022,-2518751.0,-2518751000.0,-2.518751
CIELO S.A. -  INSTITUIÇÃO DE PAGAMENTO,Intermediação Financeira,2022,1397641.0,1397641000.0,1.397641
OLIVEIRA TRUST S.A.,Intermediação Financeira,2022,144456.0,144456000.0,0.144456
METISA METALURGICA TIMBOENSE S.A.,Metalurgia e Siderurgia,2022,144954809.0,144954809000.0,144.954809
CIA SIDERURGICA NACIONAL,Metalurgia e Siderurgia,2022,31526638.0,31526638000.0,31.526638
GERDAU S.A.,Metalurgia e Siderurgia,2022,27038490.0,27038490000.0,27.03849
USINAS SID DE MINAS GERAIS S.A.-USIMINAS,Metalurgia e Siderurgia,2022,24305686.0,24305686000.0,24.305686
HAGA S.A. INDUSTRIA E COMERCIO,Metalurgia e Siderurgia,2022,13567976.0,13567976000.0,13.567976
CIA FERRO LIGAS DA BAHIA - FERBASA,Metalurgia e Siderurgia,2022,1705381.0,1705381000.0,1.705381
TUPY S.A.,Metalurgia e Siderurgia,2022,705133.0,705133000.0,0.705133
SCHULZ S.A.,Metalurgia e Siderurgia,2022,462697.0,462697000.0,0.462697
PANATLANTICA S.A.,Metalurgia e Siderurgia,2022,349041.0,349041000.0,0.349041
ALUBAR METAIS E CABOS S.A.,Metalurgia e Siderurgia,2022,295986.0,295986000.0,0.295986
WETZEL S.A.,Metalurgia e Siderurgia,2022,153875.0,153875000.0,0.153875
ELECTRO ACO ALTONA S.A.,Metalurgia e Siderurgia,2022,73315.0,73315000.0,0.073315
BAUMER S.A.,Metalurgia e Siderurgia,2022,15841.0,15841000.0,0.015841
PARANAPANEMA S.A. - EM RECUPERAÇÃO JUDICIAL,Metalurgia e Siderurgia,2022,-7004378.0,-7004378000.0,-7.004378
RANDONCORP S.A.,"Máquinas, Equipamentos, Veículos e Peças",2022,3102226.0,3102226000.0,3.102226
IOCHPE MAXION S.A.,"Máquinas, Equipamentos, Veículos e Peças",2022,3093330.0,3093330000.0,3.09333
TAURUS ARMAS S.A.,"Máquinas, Equipamentos, Veículos e Peças",2022,2310088.0,2310088000.0,2.310088
WHIRLPOOL S.A.,"Máquinas, Equipamentos, Veículos e Peças",2022,1400506.0,1400506000.0,1.400506
MAHLE METAL LEVE S.A.,"Máquinas, Equipamentos, Veículos e Peças",2022,1128980.0,1128980000.0,1.12898
RODOBENS SA,"Máquinas, Equipamentos, Veículos e Peças",2022,972483.0,972483000.0,0.972483
INEPAR S.A. INDUSTRIA E CONSTRUCOES EM RECUPERACAO JUDICIAL,"Máquinas, Equipamentos, Veículos e Peças",2022,935388.0,935388000.0,0.935388
MARCOPOLO S.A.,"Máquinas, Equipamentos, Veículos e Peças",2022,795174.0,795174000.0,0.795174
ROMI S.A.,"Máquinas, Equipamentos, Veículos e Peças",2022,420244.0,420244000.0,0.420244
FRASLE MOBILITY S.A.,"Máquinas, Equipamentos, Veículos e Peças",2022,413951.0,413951000.0,0.413951
INEPAR EQUIPAMENTOS E MONTAGENS S/A - EM RECUPERACAO JUDICIA,"Máquinas, Equipamentos, Veículos e Peças",2022,175660.0,175660000.0,0.17566
METALURGICA RIOSULENSE S.A.,"Máquinas, Equipamentos, Veículos e Peças",2022,155699.0,155699000.0,0.155699
LIFEMED INDUSTRIAL DE EQUIP. E ART. MEDICOS E HOSP. S.A,"Máquinas, Equipamentos, Veículos e Peças",2022,86431.0,86431000.0,0.086431
BARDELLA S.A. INDUSTRIAS MECANICAS EM RECUPERAÇÃO JUDICIAL,"Máquinas, Equipamentos, Veículos e Peças",2022,48227.0,48227000.0,0.048227
LUPATECH S.A,"Máquinas, Equipamentos, Veículos e Peças",2022,13526.0,13526000.0,0.013526
RECRUSUL S.A.,"Máquinas, Equipamentos, Veículos e Peças",2022,-14337.0,-14337000.0,-0.014337
AERIS IND. E COM. DE EQUIP. PARA GER. DE ENG. S.A.,"Máquinas, Equipamentos, Veículos e Peças",2022,-47032.0,-47032000.0,-0.047032
METALFRIO SOLUTIONS S.A.,"Máquinas, Equipamentos, Veículos e Peças",2022,-250996.0,-250996000.0,-0.250996
EMBRAER S.A.,"Máquinas, Equipamentos, Veículos e Peças",2022,-1314831.0,-1314831000.0,-1.314831
COBRASMA S.A.,"Máquinas, Equipamentos, Veículos e Peças",2022,-5751426.0,-5751426000.0,-5.751426
SUZANO S.A.,Papel e Celulose,2022,32030419.0,32030419000.0,32.030419
KLABIN S.A.,Papel e Celulose,2022,8093777.0,8093777000.0,8.093777
ELDORADO BRASIL CELULOSE S.A.,Papel e Celulose,2022,4414030.0,4414030000.0,4.41403
CIA MELHORAMENTOS DE SAO PAULO,Papel e Celulose,2022,-31001.0,-31001000.0,-0.031001
BRASKEM S.A.,Petroquímicos e Borracha,2022,13141229.0,13141229000.0,13.141229
UNIPAR CARBOCLORO S.A.,Petroquímicos e Borracha,2022,6676272.0,6676272000.0,6.676272
UNIGEL PARTICIPAÇÕES S.A.,Petroquímicos e Borracha,2022,1270890.0,1270890000.0,1.27089
BORRACHAS VIPAL S.A.,Petroquímicos e Borracha,2022,381123.0,381123000.0,0.381123
METANOR SA METANOL DO NE,Petroquímicos e Borracha,2022,55758.0,55758000.0,0.055758
SANSUY S.A. INDUSTRIA DE PLASTICOS,Petroquímicos e Borracha,2022,-405266.0,-405266000.0,-0.405266
PETROLEO BRASILEIRO S.A. PETROBRAS,Petróleo e Gás,2022,592538000.0,592538000000.0,592.538
PRIO S.A.,Petróleo e Gás,2022,4760118.0,4760118000.0,4.760118
ORIGEM ENERGIA S.A.,Petróleo e Gás,2022,401654.0,401654000.0,0.401654
BRAVA ENERGIA S.A.,Petróleo e Gás,2022,287414.0,287414000.0,0.287414
OCEANPACT SERVIÇOS MARITIMOS S.A.,Petróleo e Gás,2022,-140353.0,-140353000.0,-0.140353
REFINARIA DE PETROLEOS MANGUINHOS S.A.,Petróleo e Gás,2022,-1297610.0,-1297610000.0,-1.29761
CIA SANEAMENTO DE MINAS GERAIS-COPASA MG,"Saneamento, Serv. Água e Gás",2022,2761898.0,2761898000.0,2.761898
AEGEA SANEAMENTO E PARTICIPAÇÕES S.A.,"Saneamento, Serv. Água e Gás",2022,1003602.0,1003602000.0,1.003602
AMBIPAR PARTICIPAÇÕES E EMPREENDIMENTOS S.A.,"Saneamento, Serv. Água e Gás",2022,555232.0,555232000.0,0.555232
ENVIRONMENTAL ESG PARTICIPAÇÕES S.A.,"Saneamento, Serv. Água e Gás",2022,104062.0,104062000.0,0.104062
SOLVI ESSENCIS AMBIENTAL S.A.,"Saneamento, Serv. Água e Gás",2022,18640.0,18640000.0,0.01864
ORIZON MEIO AMBIENTE S.A.,"Saneamento, Serv. Água e Gás",2022,-23472.0,-23472000.0,-0.023472
ORIZON VALORIZAÇÃO DE RESÍDUOS S.A.,"Saneamento, Serv. Água e Gás",2022,-397946.0,-397946000.0,-0.397946
IGUA SANEAMENTO S.A.,"Saneamento, Serv. Água e Gás",2022,-670429.0,-670429000.0,-0.670429
VIRGO COMPANHIA DE SECURITIZAÇÃO,Securitização de Recebíveis,2022,1686.0,1686000.0,0.001686
PORTO SEGURO S.A.,Seguradoras e Corretoras,2022,2696553.0,2696553000.0,2.696553
QUALICORP CONSULTORIA E CORRETORA DE SEGUROS S.A.,Seguradoras e Corretoras,2022,478784.0,478784000.0,0.478784
WIZ CO PARTICIPAÇÕES E CORRETAGEM DE SEGUROS S.A.,Seguradoras e Corretoras,2022,418883.0,418883000.0,0.418883
CIA SEGUROS ALIANCA DA BAHIA,Seguradoras e Corretoras,2022,27538.0,27538000.0,0.027538
IRB - BRASIL RESSEGUROS S.A.,Seguradoras e Corretoras,2022,-2626084.0,-2626084000.0,-2.626084
REDE D'OR SÃO LUIZ S.A.,Serviços Médicos,2022,2940052.0,2940052000.0,2.940052
BRADSAÚDE S.A.,Serviços Médicos,2022,832702.0,832702000.0,0.832702
INSTITUTO HERMES PARDINI S.A.,Serviços Médicos,2022,774010.0,774010000.0,0.77401
FLEURY S.A.,Serviços Médicos,2022,660222.0,660222000.0,0.660222
HOSPITAL MATER DEI S.A.,Serviços Médicos,2022,269533.0,269533000.0,0.269533
ELFA MEDICAMENTOS S.A.,Serviços Médicos,2022,261124.0,261124000.0,0.261124
MPM CORPÓREOS S.A.,Serviços Médicos,2022,124679.0,124679000.0,0.124679
ONCOCLÍNICAS DO BRASIL SERVIÇOS MÉDICOS S.A.,Serviços Médicos,2022,91353.0,91353000.0,0.091353
HOSPITAL CARE CALEDONIA S.A.,Serviços Médicos,2022,37818.0,37818000.0,0.037818
GSH CORP PARTICIPAÇÕES S.A.,Serviços Médicos,2022,33799.0,33799000.0,0.033799
HOSPITAL ANCHIETA S.A.,Serviços Médicos,2022,-51106.0,-51106000.0,-0.051106
KORA SAÚDE PARTICIPAÇÕES S.A.,Serviços Médicos,2022,-149424.0,-149424000.0,-0.149424
ALLIANÇA SAÚDE E PARTICIPAÇÕES S.A.,Serviços Médicos,2022,-217255.0,-217255000.0,-0.217255
HAPVIDA PARTICIPAÇÕES E INVESTIMENTOS S.A.,Serviços Médicos,2022,-551008.0,-551008000.0,-0.551008
DIAGNOSTICOS DA AMERICA S.A.,Serviços Médicos,2022,-1209406.0,-1209406000.0,-1.209406
LOCALIZA RENT A CAR S.A.,Serviços Transporte e Logística,2022,7769768.0,7769768000.0,7.769768
MOVIDA PARTICIPACOES SA,Serviços Transporte e Logística,2022,2751690.0,2751690000.0,2.75169
SIMPAR S.A.,Serviços Transporte e Logística,2022,2269657.0,2269657000.0,2.269657
COMPANHIA DE LOCAÇÃO DAS AMÉRICAS,Serviços Transporte e Logística,2022,1306672.0,1306672000.0,1.306672
ECORODOVIAS INFRAESTRUTURA E LOGÍSTICA S.A.,Serviços Transporte e Logística,2022,1202642.0,1202642000.0,1.202642
"VAMOS LOCAÇÃO DE CAMINHÕES, MÁQUINAS E EQUIPAMENTOS S.A.",Serviços Transporte e Logística,2022,1071004.0,1071004000.0,1.071004
LOCALIZA FLEET S.A.,Serviços Transporte e Logística,2022,1065871.0,1065871000.0,1.065871
JSL S.A.,Serviços Transporte e Logística,2022,933460.0,933460000.0,0.93346
"MILLS LOCAÇÃO, SERVIÇOS E LOGÍSTICA S.A.",Serviços Transporte e Logística,2022,637520.0,637520000.0,0.63752
LOG-IN LOGISTICA INTERMODAL S.A.,Serviços Transporte e Logística,2022,504331.0,504331000.0,0.504331
VIX LOGÍSTICA S.A.,Serviços Transporte e Logística,2022,480696.0,480696000.0,0.480696
"ARMAC LOCAÇÃO, LOGÍSTICA E SERVIÇOS S.A.",Serviços Transporte e Logística,2022,413312.0,413312000.0,0.413312
TEGMA GESTAO LOGISTICA S.A.,Serviços Transporte e Logística,2022,267449.0,267449000.0,0.267449
UNIDAS LOCAÇÕES E SERVIÇOS S.A.,Serviços Transporte e Logística,2022,149175.0,149175000.0,0.149175
CLI SUL S.A.,Serviços Transporte e Logística,2022,48344.0,48344000.0,0.048344
CORREDOR LOGÍSTICA E INFRAESTRUTURA S.A.,Serviços Transporte e Logística,2022,17996.0,17996000.0,0.017996
HOLDING DO ARAGUAIA S.A.,Serviços Transporte e Logística,2022,-46905.0,-46905000.0,-0.046905
BBM LOGÍSTICA S.A.,Serviços Transporte e Logística,2022,-118152.0,-118152000.0,-0.118152
SEQUOIA LOGÍSTICA E TRANSPORTES S.A.,Serviços Transporte e Logística,2022,-124733.0,-124733000.0,-0.124733
HIDROVIAS DO BRASIL S.A.,Serviços Transporte e Logística,2022,-347295.0,-347295000.0,-0.347295
"ALLPARK EMPREENDIMENTOS, PARTICIPAÇÕES E SERVIÇOS S.A.",Serviços Transporte e Logística,2022,-763712.0,-763712000.0,-0.763712
ARTERIS S.A.,Serviços Transporte e Logística,2022,-1779045.0,-1779045000.0,-1.779045
TELEFÔNICA BRASIL S.A,Telecomunicações,2022,10287259.0,10287259000.0,10.287259
TIM BRASIL SERVIÇOS E PARTICIPAÇÕES S.A.,Telecomunicações,2022,4477609.0,4477609000.0,4.477609
TIM S.A.,Telecomunicações,2022,1670755.0,1670755000.0,1.670755
ALGAR TELECOM S/A,Telecomunicações,2022,280948.0,280948000.0,0.280948
DESKTOP S.A.,Telecomunicações,2022,171320.0,171320000.0,0.17132
VERO S.A.,Telecomunicações,2022,100901.0,100901000.0,0.100901
LIGGA TELECOMUNICAÇÕES S.A.,Telecomunicações,2022,-139186.0,-139186000.0,-0.139186
V. TAL - REDE NEUTRA DE TELECOMUNICAÇÕES S.A.,Telecomunicações,2022,-443340.0,-443340000.0,-0.44334
OI S.A. - EM RECUPERAÇÃO JUDICIAL,Telecomunicações,2022,-29673719.0,-29673719000.0,-29.673719
PETTENATI S.A. INDUSTRIA TEXTIL,Têxtil e Vestuário,2022,155696795.0,155696795000.0,155.696795
ALPARGATAS S.A.,Têxtil e Vestuário,2022,1602188.0,1602188000.0,1.602188
GRENDENE S.A.,Têxtil e Vestuário,2022,1169032.0,1169032000.0,1.169032
VULCABRAS S.A.,Têxtil e Vestuário,2022,783769.0,783769000.0,0.783769
AZZAS 2154 S.A.,Têxtil e Vestuário,2022,766258.0,766258000.0,0.766258
GRUPO DE MODA SOMA S.A.,Têxtil e Vestuário,2022,634978.0,634978000.0,0.634978
GUARARAPES CONFECCOES S.A.,Têxtil e Vestuário,2022,505108.0,505108000.0,0.505108
C&A MODAS S.A.,Têxtil e Vestuário,2022,329838.0,329838000.0,0.329838
MUNDIAL S.A. - PRODUTOS DE CONSUMO,Têxtil e Vestuário,2022,309351.0,309351000.0,0.309351
TRACK & FIELD CO S.A.,Têxtil e Vestuário,2022,173607.0,173607000.0,0.173607
CAMBUCI S.A.,Têxtil e Vestuário,2022,84335.0,84335000.0,0.084335
COMPANHIA INDUSTRIAL CATAGUASES,Têxtil e Vestuário,2022,38446.0,38446000.0,0.038446
KARSTEN S.A.,Têxtil e Vestuário,2022,36339.0,36339000.0,0.036339
CIA TECIDOS SANTANENSE EM RECUPERAÇÃO JUDICIAL,Têxtil e Vestuário,2022,33292.0,33292000.0,0.033292
CIA INDUSTRIAL SCHLOSSER S.A.,Têxtil e Vestuário,2022,-695.0,-695000.0,-0.000695
FIACAO E TECELAGEM SAO JOSE SA EM RECUPERACAO JUDICIAL,Têxtil e Vestuário,2022,-11177.0,-11177000.0,-0.011177
TEXTIL RENAUXVIEW S.A.,Têxtil e Vestuário,2022,-20667.0,-20667000.0,-0.020667
CIA FIACAO TECIDOS CEDRO CACHOEIRA,Têxtil e Vestuário,2022,-29037.0,-29037000.0,-0.029037
INBRANDS S.A.,Têxtil e Vestuário,2022,-123265.0,-123265000.0,-0.123265
TEKA-TECELAGEM KUEHNRICH S.A. - EM RECUPERAÇÃO JUDICIAL,Têxtil e Vestuário,2022,-239808.0,-239808000.0,-0.239808
CIA TECIDOS NORTE DE MINAS COTEMINAS,Têxtil e Vestuário,2022,-810836.0,-810836000.0,-0.810836
COSAN S.A.,"Agricultura (Açúcar, Álcool e Cana)",2023,15411238.0,15411238000.0,15.411238
SAO MARTINHO S.A.,"Agricultura (Açúcar, Álcool e Cana)",2023,2496612.0,2496612000.0,2.496612
SLC AGRICOLA S.A.,"Agricultura (Açúcar, Álcool e Cana)",2023,2274713.0,2274713000.0,2.274713
RAIZEN ENERGIA S.A.,"Agricultura (Açúcar, Álcool e Cana)",2023,1802831.0,1802831000.0,1.802831
TRÊS TENTOS AGROINDUSTRIAL S/A,"Agricultura (Açúcar, Álcool e Cana)",2023,1144976.0,1144976000.0,1.144976
JALLES MACHADO S.A.,"Agricultura (Açúcar, Álcool e Cana)",2023,1080236.0,1080236000.0,1.080236
BRASILAGRO - CIA BRAS DE PROP AGRICOLAS,"Agricultura (Açúcar, Álcool e Cana)",2023,788636.0,788636000.0,0.788636
CERRADINHO BIOENERGIA S.A.,"Agricultura (Açúcar, Álcool e Cana)",2023,756418.0,756418000.0,0.756418
VITTIA S.A.,"Agricultura (Açúcar, Álcool e Cana)",2023,244788.0,244788000.0,0.244788
CTC - CENTRO DE TECNOLOGIA CANAVIEIRA S.A.,"Agricultura (Açúcar, Álcool e Cana)",2023,225440.0,225440000.0,0.22544
TERRA SANTA PROPRIEDADES AGRÍCOLAS S.A.,"Agricultura (Açúcar, Álcool e Cana)",2023,172382.0,172382000.0,0.172382
NUTRIPLANT INDUSTRIA E COMERCIO S.A.,"Agricultura (Açúcar, Álcool e Cana)",2023,11827.0,11827000.0,0.011827
POMIFRUTAS S/A EM RECUPERACAO JUDICIAL,"Agricultura (Açúcar, Álcool e Cana)",2023,-10644.0,-10644000.0,-0.010644
JBS S.A.,Alimentos,2023,15472109.0,15472109000.0,15.472109
M.DIAS BRANCO S.A. IND COM DE ALIMENTOS,Alimentos,2023,1370493.0,1370493000.0,1.370493
MINERVA S.A.,Alimentos,2023,1050597.0,1050597000.0,1.050597
CAMIL ALIMENTOS S.A.,Alimentos,2023,832405.0,832405000.0,0.832405
J. MACEDO S.A.,Alimentos,2023,741425.0,741425000.0,0.741425
CARAMURU ALIMENTOS S.A.,Alimentos,2023,588601.0,588601000.0,0.588601
BOA SAFRA SEMENTES S.A.,Alimentos,2023,520244.0,520244000.0,0.520244
GRANJA FARIA S.A.,Alimentos,2023,375103.0,375103000.0,0.375103
CONSERVAS ODERICH S.A.,Alimentos,2023,206867.0,206867000.0,0.206867
INTERNATIONAL MEAL COMPANY ALIMENTACAO S.A.,Alimentos,2023,-9328.0,-9328000.0,-0.009328
ZAMP SA,Alimentos,2023,-153612.0,-153612000.0,-0.153612
MADERO INDÚSTRIA E COMÉRCIO S.A.,Alimentos,2023,-211966.0,-211966000.0,-0.211966
MARFRIG GLOBAL FOODS S.A.,Alimentos,2023,-858271.0,-858271000.0,-0.858271
BCO BRASIL S.A.,Bancos,2023,63166770.0,63166770000.0,63.16677
BCO BRADESCO S.A.,Bancos,2023,35959535.0,35959535000.0,35.959535
BCO SANTANDER (BRASIL) S.A.,Bancos,2023,23838287.0,23838287000.0,23.838287
BCO DAYCOVAL S.A.,Bancos,2023,2162192.0,2162192000.0,2.162192
BANCO DO ESTADO DO RIO GRANDE DO SUL SA,Bancos,2023,1854676.0,1854676000.0,1.854676
BCO ABC BRASIL S.A.,Bancos,2023,1590571.0,1590571000.0,1.590571
BANESTES S.A. - BCO EST ESPIRITO SANTO,Bancos,2023,668445.0,668445000.0,0.668445
BCO MERCANTIL DO BRASIL S.A.,Bancos,2023,595228.0,595228000.0,0.595228
BRB BANCO DE BRASILIA S.A.,Bancos,2023,496938.0,496938000.0,0.496938
BANCO RCI BRASIL S.A.,Bancos,2023,394756.0,394756000.0,0.394756
BCO ALFA DE INVESTIMENTO S.A.,Bancos,2023,131157.0,131157000.0,0.131157
FINANCEIRA ALFA S.A.- CRED FINANC E INVS,Bancos,2023,62011.0,62011000.0,0.062011
AMBEV S.A.,Bebidas e Fumo,2023,59703500.0,59703500000.0,59.7035
SOLAR BEBIDAS S.A.,Bebidas e Fumo,2023,1728612.0,1728612000.0,1.728612
"B3 S.A. - BRASIL, BOLSA, BALCÃO",Bolsas de Valores/Mercadorias e Futuros,2023,16718220.0,16718220000.0,16.71822
SMARTFIT ESCOLA DE GINÁSTICA E DANÇA S.A.,Brinquedos e Lazer,2023,1916250.0,1916250000.0,1.91625
T4F ENTRETENIMENTO S.A.,Brinquedos e Lazer,2023,49767.0,49767000.0,0.049767
BLUEFIT ACADEMIAS DE GINÁSTICA E PARTICIPAÇÕES S.A.,Brinquedos e Lazer,2023,3433.0,3433000.0,0.003433
MANUFATURA DE BRINQUEDOS ESTRELA S.A.,Brinquedos e Lazer,2023,-68321.0,-68321000.0,-0.068321
TOTVS S.A.,Comunicação e Informática,2023,1287736.0,1287736000.0,1.287736
POSITIVO TECNOLOGIA S.A.,Comunicação e Informática,2023,557239.0,557239000.0,0.557239
SENIOR SISTEMAS S.A.,Comunicação e Informática,2023,310849.0,310849000.0,0.310849
BRQ SOLUCOES EM INFORMATICA S.A.,Comunicação e Informática,2023,310338.0,310338000.0,0.310338
VALID SOLUÇÕES S.A.,Comunicação e Informática,2023,226124.0,226124000.0,0.226124
BEMOBI MOBILE TECH S.A.,Comunicação e Informática,2023,172455.0,172455000.0,0.172455
DATORA PARTICIPAÇÕES E SERVIÇOS S.A.,Comunicação e Informática,2023,47924.0,47924000.0,0.047924
NEOGRID PARTICIPAÇÕES S.A.,Comunicação e Informática,2023,14134.0,14134000.0,0.014134
LWSA S/A,Comunicação e Informática,2023,-45462.0,-45462000.0,-0.045462
BIONEXO S.A.,Comunicação e Informática,2023,-62552.0,-62552000.0,-0.062552
CLEAR SALE S.A.,Comunicação e Informática,2023,-65066.0,-65066000.0,-0.065066
MÉLIUZ S.A.,Comunicação e Informática,2023,-83700.0,-83700000.0,-0.0837
DOTZ S.A.,Comunicação e Informática,2023,-155698.0,-155698000.0,-0.155698
ECONOMATICA S.A.,Comunicação e Informática,2023,-325790.0,-325790000.0,-0.32579
GRUPO MULTILASER S.A.,Comunicação e Informática,2023,-746211.0,-746211000.0,-0.746211
VIVARA PARTICIPAÇÕES S.A.,Comércio (Atacado e Varejo),2023,730098970.0,730098970000.0,730.09897
VIBRA ENERGIA S/A,Comércio (Atacado e Varejo),2023,12606000.0,12606000000.0,12.606
RAÍZEN S.A.,Comércio (Atacado e Varejo),2023,5752889.0,5752889000.0,5.752889
LOJAS RENNER S.A.,Comércio (Atacado e Varejo),2023,4535926.0,4535926000.0,4.535926
RAIA DROGASIL S.A.,Comércio (Atacado e Varejo),2023,4204222.0,4204222000.0,4.204222
INTELBRAS S.A. IND. DE TELECOMUNICAÇÃO ELETRÔNICA BRASILEIRA,Comércio (Atacado e Varejo),2023,1024806.0,1024806000.0,1.024806
TECIDOS E ARMARINHOS MIGUEL BARTOLOMEU S.A.,Comércio (Atacado e Varejo),2023,772563.0,772563000.0,0.772563
CM HOSPITALAR S.A,Comércio (Atacado e Varejo),2023,619649.0,619649000.0,0.619649
EMPREENDIMENTOS PAGUE MENOS S.A.,Comércio (Atacado e Varejo),2023,531568.0,531568000.0,0.531568
UNIÃO PET PARTICIPAÇÕES S.A.,Comércio (Atacado e Varejo),2023,418878.0,418878000.0,0.418878
ALLIED TECNOLOGIA S.A.,Comércio (Atacado e Varejo),2023,397180.0,397180000.0,0.39718
LUPO S.A.,Comércio (Atacado e Varejo),2023,381644.0,381644000.0,0.381644
GRUPO FARTURA DE HORTIFRUT S.A.,Comércio (Atacado e Varejo),2023,380477.0,380477000.0,0.380477
GRUPO SBF S.A.,Comércio (Atacado e Varejo),2023,373414.0,373414000.0,0.373414
DIMED S.A. DISTRIBUIDORA DE MEDICAMENTOS,Comércio (Atacado e Varejo),2023,358500.0,358500000.0,0.3585
IGUATEMI EMPRESA DE SHOPPING CENTERS S.A,Comércio (Atacado e Varejo),2023,291730.0,291730000.0,0.29173
GRAZZIOTIN S.A.,Comércio (Atacado e Varejo),2023,214723.0,214723000.0,0.214723
SBF COMÉRCIO DE PRODUTOS ESPORTIVOS S.A.,Comércio (Atacado e Varejo),2023,169230.0,169230000.0,0.16923
PROFARMA DISTRIB PROD FARMACEUTICOS S.A.,Comércio (Atacado e Varejo),2023,162898.0,162898000.0,0.162898
PET CENTER COMÉRCIO E PARTICIPAÇÕES S.A.,Comércio (Atacado e Varejo),2023,133878.0,133878000.0,0.133878
HUMBERG AGRIBRASIL COMÉRCIO E EXPORTAÇÃO DE GRÃOS S.A.,Comércio (Atacado e Varejo),2023,119686.0,119686000.0,0.119686
TECHNOS S.A.,Comércio (Atacado e Varejo),2023,96138.0,96138000.0,0.096138
OUROFINO S.A.,Comércio (Atacado e Varejo),2023,80682.0,80682000.0,0.080682
D1000 VAREJO FARMA PARTICIPAÇÕES S.A.,Comércio (Atacado e Varejo),2023,32717.0,32717000.0,0.032717
FARMÁCIA E DROGARIA NISSEI S.A.,Comércio (Atacado e Varejo),2023,21047.0,21047000.0,0.021047
GENERAL SHOPPING E OUTLETS DO BRASIL BRASIL S.A.,Comércio (Atacado e Varejo),2023,12786.0,12786000.0,0.012786
LIVETECH DA BAHIA INDÚSTRIA E COMÉRCIO S.A.,Comércio (Atacado e Varejo),2023,11293.0,11293000.0,0.011293
LOJAS QUERO QUERO S.A.,Comércio (Atacado e Varejo),2023,1952.0,1952000.0,0.001952
W2W E-COMMERCE DE VINHOS S.A.,Comércio (Atacado e Varejo),2023,-46861.0,-46861000.0,-0.046861
ENJOEI S.A.,Comércio (Atacado e Varejo),2023,-119486.0,-119486000.0,-0.119486
CVLB BRASIL S.A EM RECUPERAÇÃO JUDICAL,Comércio (Atacado e Varejo),2023,-150913.0,-150913000.0,-0.150913
GRUPO TOKY S.A. - EM RECUPERAÇÃO JUDICIAL,Comércio (Atacado e Varejo),2023,-174983.0,-174983000.0,-0.174983
AGROGALAXY PARTICIPAÇÕES S.A. - EM RECUPERAÇÃO JUDICIAL,Comércio (Atacado e Varejo),2023,-338345.0,-338345000.0,-0.338345
INFRACOMMERCE CXAAS S.A.,Comércio (Atacado e Varejo),2023,-559811.0,-559811000.0,-0.559811
MARISA LOJAS S.A.,Comércio (Atacado e Varejo),2023,-899241.0,-899241000.0,-0.899241
CENCOSUD BRASIL COMERCIAL S.A.,Comércio (Atacado e Varejo),2023,-1069768.0,-1069768000.0,-1.069768
MAGAZINE LUIZA S.A.,Comércio (Atacado e Varejo),2023,-1478079.0,-1478079000.0,-1.478079
CIA BRASILEIRA DE DISTRIBUICAO,Comércio (Atacado e Varejo),2023,-4276000.0,-4276000000.0,-4.276
GRUPO CASAS BAHIA S.A.,Comércio (Atacado e Varejo),2023,-5934000.0,-5934000000.0,-5.934
AMERICANAS S.A. - EM RECUPERAÇÃO JUDICIAL,Comércio (Atacado e Varejo),2023,-30984000.0,-30984000000.0,-30.984
VOTORANTIM CIMENTOS S.A.,"Construção Civil, Mat. Constr. e Decoração",2023,3763334.0,3763334000.0,3.763334
DEXCO S.A.,"Construção Civil, Mat. Constr. e Decoração",2023,3152384.0,3152384000.0,3.152384
CYRELA BRAZIL REALTY S.A.EMPREEND E PART,"Construção Civil, Mat. Constr. e Decoração",2023,1964291.0,1964291000.0,1.964291
TIGRE S.A. PARTICIPAÇÕES,"Construção Civil, Mat. Constr. e Decoração",2023,884886.0,884886000.0,0.884886
CURY CONSTRUTORA E INCORPORADORA S.A.,"Construção Civil, Mat. Constr. e Decoração",2023,844051.0,844051000.0,0.844051
EUCATEX S.A. INDUSTRIA E COMERCIO,"Construção Civil, Mat. Constr. e Decoração",2023,679721.0,679721000.0,0.679721
DIRECIONAL ENGENHARIA S.A.,"Construção Civil, Mat. Constr. e Decoração",2023,642566.0,642566000.0,0.642566
LOG COMMERCIAL PROPERTIES E PARTICIPAÇÕES,"Construção Civil, Mat. Constr. e Decoração",2023,595660.0,595660000.0,0.59566
EVEN CONSTRUTORA E INCORPORADORA S.A.,"Construção Civil, Mat. Constr. e Decoração",2023,536326.0,536326000.0,0.536326
MOURA DUBEUX ENGENHARIA S/A,"Construção Civil, Mat. Constr. e Decoração",2023,521348.0,521348000.0,0.521348
PLANO & PLANO DESENVOLVIMENTO IMOBILIÁRIO S.A.,"Construção Civil, Mat. Constr. e Decoração",2023,409481.0,409481000.0,0.409481
HBR REALTY EMPREENDIMENTOS IMOBILIÁRIOS S.A.,"Construção Civil, Mat. Constr. e Decoração",2023,387700.0,387700000.0,0.3877
LAVVI EMPREENDIMENTOS IMOBILIÁRIOS S.A.,"Construção Civil, Mat. Constr. e Decoração",2023,377527.0,377527000.0,0.377527
CONSTRUTORA METROCASA S.A.,"Construção Civil, Mat. Constr. e Decoração",2023,289074.0,289074000.0,0.289074
HELBOR EMPREENDIMENTOS S.A.,"Construção Civil, Mat. Constr. e Decoração",2023,280582.0,280582000.0,0.280582
ETERNIT S.A.,"Construção Civil, Mat. Constr. e Decoração",2023,264934.0,264934000.0,0.264934
PRINER SERVIÇOS INDUSTRIAIS S.A.,"Construção Civil, Mat. Constr. e Decoração",2023,180028.0,180028000.0,0.180028
PATRIMAR ENGENHARIA S.A.,"Construção Civil, Mat. Constr. e Decoração",2023,152058.0,152058000.0,0.152058
CONSTRUTORA SULTEPA S.A. - EM RECUPERAÇÃO JUDICIAL,"Construção Civil, Mat. Constr. e Decoração",2023,141393.0,141393000.0,0.141393
MITRE REALTY EMPREENDIMENTOS E PARTICIPAÇÕES S.A.,"Construção Civil, Mat. Constr. e Decoração",2023,131171.0,131171000.0,0.131171
PACAEMBU CONSTRUTORA S.A.,"Construção Civil, Mat. Constr. e Decoração",2023,130209.0,130209000.0,0.130209
YOU INC INCORPORADORA E PARTICIPAÇÕES S.A,"Construção Civil, Mat. Constr. e Decoração",2023,126091.0,126091000.0,0.126091
KALLAS INCORPORAÇÕES E CONSTRUÇÕES S.A.,"Construção Civil, Mat. Constr. e Decoração",2023,124738.0,124738000.0,0.124738
PBG S/A,"Construção Civil, Mat. Constr. e Decoração",2023,118002.0,118002000.0,0.118002
INC EMPREENDIMENTOS IMOBILIÁRIOS S.A.,"Construção Civil, Mat. Constr. e Decoração",2023,106920.0,106920000.0,0.10692
UNICASA INDÚSTRIA DE MÓVEIS S.A.,"Construção Civil, Mat. Constr. e Decoração",2023,48114.0,48114000.0,0.048114
BRZ EMPREENDIMENTOS E CONSTRUÇÕES S.A.,"Construção Civil, Mat. Constr. e Decoração",2023,34008.0,34008000.0,0.034008
SONDOTECNICA ENGENHARIA SOLOS S.A.,"Construção Civil, Mat. Constr. e Decoração",2023,26221.0,26221000.0,0.026221
CONSTRUTORA ADOLPHO LINDENBERG S.A.,"Construção Civil, Mat. Constr. e Decoração",2023,16678.0,16678000.0,0.016678
EMCCAMP RESIDENCIAL S.A.,"Construção Civil, Mat. Constr. e Decoração",2023,7941.0,7941000.0,0.007941
EZ INC INCORPORAÇÕES S.A.,"Construção Civil, Mat. Constr. e Decoração",2023,3049.0,3049000.0,0.003049
FICA EMPREENDIMENTOS IMOBILIÁRIOS S.A.,"Construção Civil, Mat. Constr. e Decoração",2023,-20396.0,-20396000.0,-0.020396
YUNY INCORPORADORA HOLDING S.A.,"Construção Civil, Mat. Constr. e Decoração",2023,-21424.0,-21424000.0,-0.021424
URBA DESENVOLVIMENTO URBANO S.A.,"Construção Civil, Mat. Constr. e Decoração",2023,-76499.0,-76499000.0,-0.076499
TECNISA S.A.,"Construção Civil, Mat. Constr. e Decoração",2023,-105934.0,-105934000.0,-0.105934
VIVER INCORPORADORA E CONSTRUTORA S.A.,"Construção Civil, Mat. Constr. e Decoração",2023,-105988.0,-105988000.0,-0.105988
AZEVEDO E TRAVASSOS S.A.,"Construção Civil, Mat. Constr. e Decoração",2023,-130777.0,-130777000.0,-0.130777
MRV ENGENHARIA E PARTICIPACOES S.A.,"Construção Civil, Mat. Constr. e Decoração",2023,-141902.0,-141902000.0,-0.141902
RNI NEGÓCIOS IMOBILIÁRIOS S.A.,"Construção Civil, Mat. Constr. e Decoração",2023,-163304.0,-163304000.0,-0.163304
JOAO FORTES ENGENHARIA S.A. - EM RECUPERAÇÃO JUDICIAL,"Construção Civil, Mat. Constr. e Decoração",2023,-178592.0,-178592000.0,-0.178592
ROSSI RESIDENCIAL S.A. - EM RECUPERAÇÃO JUDICIAL,"Construção Civil, Mat. Constr. e Decoração",2023,-187341.0,-187341000.0,-0.187341
GAFISA S.A.,"Construção Civil, Mat. Constr. e Decoração",2023,-278662.0,-278662000.0,-0.278662
INTERCEMENT BRASIL S.A. - EM RECUPERAÇÃO JUDICIAL,"Construção Civil, Mat. Constr. e Decoração",2023,-329189.0,-329189000.0,-0.329189
ALPHAVILLE S.A.,"Construção Civil, Mat. Constr. e Decoração",2023,-991684.0,-991684000.0,-0.991684
CONSTRUTORA TENDA S.A.,"Construção Civil, Mat. Constr. e Decoração",2023,-1257621.0,-1257621000.0,-1.257621
INSPIRALI EDUCAÇÃO S.A.,Educação,2023,710934.0,710934000.0,0.710934
SABER SERVIÇOS EDUCACIONAIS S.A.,Educação,2023,391196.0,391196000.0,0.391196
VITRU EDUCAÇÃO S.A.,Educação,2023,215811.0,215811000.0,0.215811
CRUZEIRO DO SUL EDUCACIONAL S.A.,Educação,2023,107061.0,107061000.0,0.107061
ANIMA HOLDING S.A.,Educação,2023,-201718.0,-201718000.0,-0.201718
SER EDUCACIONAL S.A.,Educação,2023,-250192.0,-250192000.0,-0.250192
IRANI PAPEL E EMBALAGEM S.A.,Embalagens,2023,761644.0,761644000.0,0.761644
CIA MINEIRA DE AÇUCAR E ALCOOL PARTICIPAÇÕES,"Emp. Adm. Part. - Agricultura (Açúcar, Álcool e Cana)",2023,273717.0,273717000.0,0.273717
ALIPERTI S.A.,"Emp. Adm. Part. - Agricultura (Açúcar, Álcool e Cana)",2023,-9053.0,-9053000.0,-0.009053
GRANBIO INVESTIMENTOS S.A.,"Emp. Adm. Part. - Agricultura (Açúcar, Álcool e Cana)",2023,-20914.0,-20914000.0,-0.020914
JOSAPAR-JOAQUIM OLIVEIRA S.A. - PARTICIP,Emp. Adm. Part. - Alimentos,2023,59520.0,59520000.0,0.05952
MINUPAR PARTICIPACOES S.A.,Emp. Adm. Part. - Alimentos,2023,18464.0,18464000.0,0.018464
FICTOR ALIMENTOS S.A. - EM RECUPERAÇÃO JUDICIAL,Emp. Adm. Part. - Alimentos,2023,9509.0,9509000.0,0.009509
BRF S.A.,Emp. Adm. Part. - Alimentos,2023,-5010478.0,-5010478000.0,-5.010478
BRBI BR PARTNERS S.A,Emp. Adm. Part. - Bancos,2023,302185.0,302185000.0,0.302185
QUALITY SOFTWARE S.A.,Emp. Adm. Part. - Comunicação e Informática,2023,32417387.0,32417387000.0,32.417387
ELETROMIDIA S.A.,Emp. Adm. Part. - Comunicação e Informática,2023,144104.0,144104000.0,0.144104
CONTAX PARTICIPAÇÕES S.A. - EM RECUPERAÇÃO JUDICIAL,Emp. Adm. Part. - Comunicação e Informática,2023,134712.0,134712000.0,0.134712
VOKE S.A.,Emp. Adm. Part. - Comunicação e Informática,2023,-3518.0,-3518000.0,-0.003518
BR MALLS PARTICIPACOES S.A.,Emp. Adm. Part. - Comércio (Atacado e Varejo),2023,7901460.0,7901460000.0,7.90146
ALLOS S.A.,Emp. Adm. Part. - Comércio (Atacado e Varejo),2023,7432108.0,7432108000.0,7.432108
GRUPO MATEUS S.A.,Emp. Adm. Part. - Comércio (Atacado e Varejo),2023,4598866.0,4598866000.0,4.598866
ATACADÃO S.A.,Emp. Adm. Part. - Comércio (Atacado e Varejo),2023,2718000.0,2718000000.0,2.718
CANTU STORE S.A.,Emp. Adm. Part. - Comércio (Atacado e Varejo),2023,354285.0,354285000.0,0.354285
IGUATEMI S.A.,Emp. Adm. Part. - Comércio (Atacado e Varejo),2023,321755.0,321755000.0,0.321755
ALMEIDA JUNIOR SHOPPING CENTERS S.A.,Emp. Adm. Part. - Comércio (Atacado e Varejo),2023,302905.0,302905000.0,0.302905
AUTOMOB S.A.,Emp. Adm. Part. - Comércio (Atacado e Varejo),2023,140293.0,140293000.0,0.140293
VESTE S.A. ESTILO,Emp. Adm. Part. - Comércio (Atacado e Varejo),2023,78054.0,78054000.0,0.078054
MULTIPLAN - EMPREEND IMOBILIARIOS S.A.,"Emp. Adm. Part. - Const. Civil, Mat. Const. e Decoração",2023,3579884.0,3579884000.0,3.579884
JHSF PARTICIPACOES S.A.,"Emp. Adm. Part. - Const. Civil, Mat. Const. e Decoração",2023,1141565.0,1141565000.0,1.141565
PDG REALTY S.A. EMPREEND E PARTICIPACOES,"Emp. Adm. Part. - Const. Civil, Mat. Const. e Decoração",2023,1036574.0,1036574000.0,1.036574
EZ TEC EMPREEND. E PARTICIPACOES S.A.,"Emp. Adm. Part. - Const. Civil, Mat. Const. e Decoração",2023,588203.0,588203000.0,0.588203
TRISUL S.A.,"Emp. Adm. Part. - Const. Civil, Mat. Const. e Decoração",2023,399888.0,399888000.0,0.399888
TEGRA INCORPORADORA S.A.,"Emp. Adm. Part. - Const. Civil, Mat. Const. e Decoração",2023,305062.0,305062000.0,0.305062
MELNICK DESENVOLVIMENTO IMOBILIÁRIO S.A.,"Emp. Adm. Part. - Const. Civil, Mat. Const. e Decoração",2023,277542.0,277542000.0,0.277542
LPS BRASIL - CONSULTORIA DE IMOVEIS S.A.,"Emp. Adm. Part. - Const. Civil, Mat. Const. e Decoração",2023,62290.0,62290000.0,0.06229
SUGOI S.A.,"Emp. Adm. Part. - Const. Civil, Mat. Const. e Decoração",2023,25797.0,25797000.0,0.025797
SYN PROP & TECH S.A.,"Emp. Adm. Part. - Const. Civil, Mat. Const. e Decoração",2023,-54786.0,-54786000.0,-0.054786
NEXPE PARTICIPAÇÕES S.A,"Emp. Adm. Part. - Const. Civil, Mat. Const. e Decoração",2023,-198744.0,-198744000.0,-0.198744
CIA HABITASUL DE PARTICIPACOES,Emp. Adm. Part. - Crédito Imobiliário,2023,341771.0,341771000.0,0.341771
BRAZILIAN FINANCE E REAL ESTATE S.A.,Emp. Adm. Part. - Crédito Imobiliário,2023,31683.0,31683000.0,0.031683
CEL PARTICIPAÇÕES S.A. - CELPAR,Emp. Adm. Part. - Educação,2023,255987.0,255987000.0,0.255987
YDUQS PARTICIPACOES S.A.,Emp. Adm. Part. - Educação,2023,198414.0,198414000.0,0.198414
BIOMA EDUCAÇÃO S.A.,Emp. Adm. Part. - Educação,2023,-120760.0,-120760000.0,-0.12076
COGNA EDUCAÇÃO S.A.,Emp. Adm. Part. - Educação,2023,-1052351.0,-1052351000.0,-1.052351
CPFL ENERGIA S.A.,Emp. Adm. Part. - Energia Elétrica,2023,21511948.0,21511948000.0,21.511948
NEOENERGIA S.A.,Emp. Adm. Part. - Energia Elétrica,2023,9314000.0,9314000000.0,9.314
AXIA ENERGIA S.A.,Emp. Adm. Part. - Energia Elétrica,2023,8033243.0,8033243000.0,8.033243
TRANSMISSORA ALIANÇA DE ENERGIA ELÉTRICA S.A.,Emp. Adm. Part. - Energia Elétrica,2023,5634098.0,5634098000.0,5.634098
CPFL ENERGIAS RENOVÁVEIS S.A.,Emp. Adm. Part. - Energia Elétrica,2023,5397372.0,5397372000.0,5.397372
ENERGISA S.A.,Emp. Adm. Part. - Energia Elétrica,2023,5011554.0,5011554000.0,5.011554
ALUPAR INVESTIMENTO S/A,Emp. Adm. Part. - Energia Elétrica,2023,2814859.0,2814859000.0,2.814859
ARGO ENERGIA EMPREENDIMENTOS E PARTICIPAÇÕES S/A,Emp. Adm. Part. - Energia Elétrica,2023,1124021.0,1124021000.0,1.124021
AUREN OPERAÇÕES S.A.,Emp. Adm. Part. - Energia Elétrica,2023,631752.0,631752000.0,0.631752
ELETRORIVER S.A.,Emp. Adm. Part. - Energia Elétrica,2023,568118.0,568118000.0,0.568118
ENERGISA TRANSMISSÃO DE ENERGIA S/A,Emp. Adm. Part. - Energia Elétrica,2023,434806.0,434806000.0,0.434806
SERENA GERAÇÃO S.A.,Emp. Adm. Part. - Energia Elétrica,2023,258327.0,258327000.0,0.258327
CELEO REDES TRANSMISSÃO DE ENERGIA S.A.,Emp. Adm. Part. - Energia Elétrica,2023,92058.0,92058000.0,0.092058
SERENA ENERGIA S.A.,Emp. Adm. Part. - Energia Elétrica,2023,54147.0,54147000.0,0.054147
SAFIRA HOLDING S.A.,Emp. Adm. Part. - Energia Elétrica,2023,45157.0,45157000.0,0.045157
CIA CELG DE PARTICIPACOES - CELGPAR,Emp. Adm. Part. - Energia Elétrica,2023,0.0,0.0,0.0
ASA BRANCA HOLDING S.A.,Emp. Adm. Part. - Energia Elétrica,2023,-4368.0,-4368000.0,-0.004368
FOZ DO RIO CLARO ENERGIA S.A.,Emp. Adm. Part. - Energia Elétrica,2023,-8979.0,-8979000.0,-0.008979
BRASILIANA PARTICIPAÇÕES S/A,Emp. Adm. Part. - Energia Elétrica,2023,-19071.0,-19071000.0,-0.019071
RIO ALTO STL HOLDING I S.A.,Emp. Adm. Part. - Energia Elétrica,2023,-70951.0,-70951000.0,-0.070951
LIGHT S.A. - EM RECUPERAÇÃO JUDICIAL,Emp. Adm. Part. - Energia Elétrica,2023,-5417041.0,-5417041000.0,-5.417041
BRADESPAR S.A.,Emp. Adm. Part. - Extração Mineral,2023,5624294.0,5624294000.0,5.624294
AURA ALMAS MINERAÇÃO S.A.,Emp. Adm. Part. - Extração Mineral,2023,69880.0,69880000.0,0.06988
ITAÚSA S.A.,Emp. Adm. Part. - Intermediação Financeira,2023,56264000.0,56264000000.0,56.264
CONSORCIO ALFA DE ADMINISTRACAO S.A.,Emp. Adm. Part. - Intermediação Financeira,2023,175991.0,175991000.0,0.175991
ARANDU INVESTIMENTOS S.A.,Emp. Adm. Part. - Intermediação Financeira,2023,-12156.0,-12156000.0,-0.012156
METALURGICA GERDAU S.A.,Emp. Adm. Part. - Metalurgia e Siderurgia,2023,38094756.0,38094756000.0,38.094756
KEPLER WEBER S.A.,Emp. Adm. Part. - Metalurgia e Siderurgia,2023,627682.0,627682000.0,0.627682
MANGELS INDUSTRIAL S.A.,Emp. Adm. Part. - Metalurgia e Siderurgia,2023,292771.0,292771000.0,0.292771
TEKNO S.A. - INDUSTRIA E COMERCIO,Emp. Adm. Part. - Metalurgia e Siderurgia,2023,74359.0,74359000.0,0.074359
WEG S.A.,"Emp. Adm. Part. - Máqs., Equip., Veíc. e Peças",2023,10140487.0,10140487000.0,10.140487
WLM PART. E COMÉRCIO DE MÁQUINAS E VEÍCULOS S.A.,"Emp. Adm. Part. - Máqs., Equip., Veíc. e Peças",2023,231861.0,231861000.0,0.231861
PRÁTICA PRODUTOS S.A.,"Emp. Adm. Part. - Máqs., Equip., Veíc. e Peças",2023,47067.0,47067000.0,0.047067
PLASCAR PARTICIPACOES INDUSTRIAIS S.A.,"Emp. Adm. Part. - Máqs., Equip., Veíc. e Peças",2023,-97835.0,-97835000.0,-0.097835
SUZANO HOLDING S.A.,Emp. Adm. Part. - Papel e Celulose,2023,37460954.0,37460954000.0,37.460954
ULTRAPAR PARTICIPACOES S.A.,Emp. Adm. Part. - Petróleo e Gás,2023,4357822.0,4357822000.0,4.357822
PETRORECÔNCAVO S.A.,Emp. Adm. Part. - Petróleo e Gás,2023,1862329.0,1862329000.0,1.862329
ENAUTA PARTICIPAÇÕES S.A.,Emp. Adm. Part. - Petróleo e Gás,2023,337982.0,337982000.0,0.337982
CBO HOLDING S.A.,Emp. Adm. Part. - Petróleo e Gás,2023,137589.0,137589000.0,0.137589
OCEÂNICA ENGENHARIA E CONSULTORIA S.A.,Emp. Adm. Part. - Petróleo e Gás,2023,96085.0,96085000.0,0.096085
COMPASS GÁS E ENERGIA S.A.,"Emp. Adm. Part. - Saneamento, Serv. Água e Gás",2023,7555078.0,7555078000.0,7.555078
BRK AMBIENTAL PARTICIPAÇÕES S.A.,"Emp. Adm. Part. - Saneamento, Serv. Água e Gás",2023,-150914.0,-150914000.0,-0.150914
BB SEGURIDADE PARTICIPAÇÕES S.A.,Emp. Adm. Part. - Seguradoras e Corretoras,2023,14143618.0,14143618000.0,14.143618
CAIXA SEGURIDADE PARTICIPAÇÕES S.A.,Emp. Adm. Part. - Seguradoras e Corretoras,2023,6591207.0,6591207000.0,6.591207
ALPER CONSULTORIA E CORRETORA DE SEGUROS S.A.,Emp. Adm. Part. - Seguradoras e Corretoras,2023,19503.0,19503000.0,0.019503
YBYRÁ CAPITAL S.A.,Emp. Adm. Part. - Sem Setor Principal,2023,17724314.0,17724314000.0,17.724314
MONTEIRO ARANHA S.A.,Emp. Adm. Part. - Sem Setor Principal,2023,2219496.0,2219496000.0,2.219496
GPS PARTICIPAÇÕES E EMPREENDIMENTOS S.A.,Emp. Adm. Part. - Sem Setor Principal,2023,1163379.0,1163379000.0,1.163379
XP INVESTIMENTOS S.A.,Emp. Adm. Part. - Sem Setor Principal,2023,732072.0,732072000.0,0.732072
SAO CARLOS EMPREEND E PARTICIPACOES S.A.,Emp. Adm. Part. - Sem Setor Principal,2023,441518.0,441518000.0,0.441518
HMOBI PARTICIPAÇÕES S.A.,Emp. Adm. Part. - Sem Setor Principal,2023,439020.0,439020000.0,0.43902
DEXXOS PARTICIPAÇÕES S.A.,Emp. Adm. Part. - Sem Setor Principal,2023,391201.0,391201000.0,0.391201
CIA PARTICIPACOES ALIANCA DA BAHIA,Emp. Adm. Part. - Sem Setor Principal,2023,105430.0,105430000.0,0.10543
CSU DIGITAL S.A.,Emp. Adm. Part. - Sem Setor Principal,2023,88423.0,88423000.0,0.088423
EMBPAR PARTICIPAÇÕES S/A,Emp. Adm. Part. - Sem Setor Principal,2023,79004.0,79004000.0,0.079004
TREVISA INVESTIMENTOS S.A.,Emp. Adm. Part. - Sem Setor Principal,2023,29716.0,29716000.0,0.029716
PORTO SERVIÇO S.A,Emp. Adm. Part. - Sem Setor Principal,2023,29018.0,29018000.0,0.029018
REAG CAPITAL HOLDING S.A.,Emp. Adm. Part. - Sem Setor Principal,2023,-98819.0,-98819000.0,-0.098819
MLOG S.A.,Emp. Adm. Part. - Sem Setor Principal,2023,-103242.0,-103242000.0,-0.103242
OSX BRASIL S.A. - EM RECUPERAÇÃO JUDICIAL,Emp. Adm. Part. - Sem Setor Principal,2023,-1479488.0,-1479488000.0,-1.479488
MOTIVA INFRAESTRUTURA DE MOBILIDADE S.A.,Emp. Adm. Part. - Serviços Transporte e Logística,2023,6066681.0,6066681000.0,6.066681
RUMO S.A.,Emp. Adm. Part. - Serviços Transporte e Logística,2023,2471876.0,2471876000.0,2.471876
SANTOS BRASIL PARTICIPACOES S.A.,Emp. Adm. Part. - Serviços Transporte e Logística,2023,1867508.0,1867508000.0,1.867508
ECORODOVIAS CONCESSÕES E SERVIÇOS S.A.,Emp. Adm. Part. - Serviços Transporte e Logística,2023,1215554.0,1215554000.0,1.215554
CONCESSIONÁRIA DA LINHA 4 DO METRÔ DE SÃO PAULO S.A.,Emp. Adm. Part. - Serviços Transporte e Logística,2023,1088797.0,1088797000.0,1.088797
WILSON SONS S.A.,Emp. Adm. Part. - Serviços Transporte e Logística,2023,743787.0,743787000.0,0.743787
LM TRANSPORTES INTERESTADUAIS SERVIÇOS E COMÉRCIO S.A.,Emp. Adm. Part. - Serviços Transporte e Logística,2023,301268.0,301268000.0,0.301268
RODOVIAS DO BRASIL HOLDING S.A.,Emp. Adm. Part. - Serviços Transporte e Logística,2023,93305.0,93305000.0,0.093305
TPI - TRIUNFO PARTICIP. E INVEST. S.A.,Emp. Adm. Part. - Serviços Transporte e Logística,2023,-4171.0,-4171000.0,-0.004171
AUSTRAVIAS S.A.,Emp. Adm. Part. - Serviços Transporte e Logística,2023,-52595.0,-52595000.0,-0.052595
INVESTIMENTOS E PARTICIP. EM INFRA S.A. - INVEPAR,Emp. Adm. Part. - Serviços Transporte e Logística,2023,-1025934.0,-1025934000.0,-1.025934
AZUL S.A.,Emp. Adm. Part. - Serviços Transporte e Logística,2023,-3102823.0,-3102823000.0,-3.102823
GOL LINHAS AEREAS INTELIGENTES S.A.,Emp. Adm. Part. - Serviços Transporte e Logística,2023,-5567464.0,-5567464000.0,-5.567464
PORTO SAÚDE PARTICIPAÇÕES S.A.,Emp. Adm. Part. - Serviços médicos,2023,177564.0,177564000.0,0.177564
CLARO TELECOM PARTICIPAÇÕES S.A.,Emp. Adm. Part. - Telecomunicações,2023,5564145.0,5564145000.0,5.564145
UNIFIQUE TELECOMUNICAÇÕES S.A.,Emp. Adm. Part. - Telecomunicações,2023,275317.0,275317000.0,0.275317
BRISANET PARTICIPAÇÕES S.A.,Emp. Adm. Part. - Telecomunicações,2023,224053.0,224053000.0,0.224053
PADTEC HOLDING S.A.,Emp. Adm. Part. - Telecomunicações,2023,25167.0,25167000.0,0.025167
ALARES INTERNET PARTICIPAÇÕES S/A,Emp. Adm. Part. - Telecomunicações,2023,-284711.0,-284711000.0,-0.284711
AMMO VAREJO S.A.,Emp. Adm. Part. - Têxtil e Vestuário,2023,-243057.0,-243057000.0,-0.243057
SPRINGS GLOBAL PARTICIPACOES S.A.,Emp. Adm. Part. - Têxtil e Vestuário,2023,-1696707.0,-1696707000.0,-1.696707
ENGIE BRASIL ENERGIA S.A.,Energia Elétrica,2023,18280884.0,18280884000.0,18.280884
ISA ENERGIA BRASIL,Energia Elétrica,2023,10424306.0,10424306000.0,10.424306
CIA ENERGETICA DE MINAS GERAIS - CEMIG,Energia Elétrica,2023,9861202.0,9861202000.0,9.861202
CIA PARANAENSE DE ENERGIA - COPEL,Energia Elétrica,2023,6952978.0,6952978000.0,6.952978
EDP - ENERGIAS DO BRASIL S.A.,Energia Elétrica,2023,5195668.0,5195668000.0,5.195668
CHINA THREE GORGES BRASIL ENERGIA S.A.,Energia Elétrica,2023,4935706.0,4935706000.0,4.935706
EQUATORIAL S.A.,Energia Elétrica,2023,4798287.0,4798287000.0,4.798287
AUREN ENERGIA S.A.,Energia Elétrica,2023,4721850.0,4721850000.0,4.72185
CPFL GERACAO DE ENERGIA S.A.,Energia Elétrica,2023,4655230.0,4655230000.0,4.65523
CEMIG GERACAO E TRANSMISSAO S.A.,Energia Elétrica,2023,4488122.0,4488122000.0,4.488122
REDE ENERGIA PARTICIPAÇÕES S.A.,Energia Elétrica,2023,4333339.0,4333339000.0,4.333339
CESP - CIA ENERGETICA DE SAO PAULO,Energia Elétrica,2023,3994494.0,3994494000.0,3.994494
COPEL GERAÇÃO E TRANSMISSÃO S.A.,Energia Elétrica,2023,3299980.0,3299980000.0,3.29998
CPFL TRANSMISSÃO S.A.,Energia Elétrica,2023,3029216.0,3029216000.0,3.029216
AXIA ENERGIA NORTE S.A.,Energia Elétrica,2023,1289094.0,1289094000.0,1.289094
RIO PARANAPANEMA ENERGIA S.A.,Energia Elétrica,2023,1169684.0,1169684000.0,1.169684
CENTRAIS ELET DE SANTA CATARINA S.A.,Energia Elétrica,2023,1097596.0,1097596000.0,1.097596
RENOVA ENERGIA S.A.,Energia Elétrica,2023,767882.0,767882000.0,0.767882
ENEVA S.A,Energia Elétrica,2023,679206.0,679206000.0,0.679206
AUREN PARTICIPAÇÕES S.A.,Energia Elétrica,2023,653434.0,653434000.0,0.653434
STATKRAFT ENERGIAS RENOVAVEIS S.A.,Energia Elétrica,2023,618793.0,618793000.0,0.618793
LIGHT ENERGIA S.A.,Energia Elétrica,2023,514412.0,514412000.0,0.514412
COMPANHIA ENERGÉTICA DE BRASÍLIA - CEB,Energia Elétrica,2023,493076.0,493076000.0,0.493076
MULTINER S/A,Energia Elétrica,2023,296291.0,296291000.0,0.296291
EMAE - EMPRESA METROP. DE AGUAS E ENERGIA S.A.,Energia Elétrica,2023,218495.0,218495000.0,0.218495
ESSENTIA PCHS S.A.,Energia Elétrica,2023,171421.0,171421000.0,0.171421
COMPANHIA ESTADUAL DE GERAÇÃO DE ENERGIA ELÉTRICA - CEEE-G,Energia Elétrica,2023,58246.0,58246000.0,0.058246
COMERC ENERGIA S.A.,Energia Elétrica,2023,18400.0,18400000.0,0.0184
ANEMUS WIND HOLDING S.A.,Energia Elétrica,2023,7465.0,7465000.0,0.007465
PRODUTORES ENERGET.DE MANSO S.A.- PROMAN,Energia Elétrica,2023,-268.0,-268000.0,-0.000268
2W ECOBANK S.A. - EM RECUPERAÇÃO JUDICIAL,Energia Elétrica,2023,-133429.0,-133429000.0,-0.133429
HÉLIO VALGAS SOLAR PARTICIPAÇÕES S.A.,Energia Elétrica,2023,-172064.0,-172064000.0,-0.172064
RIO ALTO ENERGIAS RENOVÁVEIS S.A.,Energia Elétrica,2023,-179959.0,-179959000.0,-0.179959
BRASIL BIOFUELS S.A.,Energia Elétrica,2023,-346506.0,-346506000.0,-0.346506
AXIA ENERGIA SUL S.A.,Energia Elétrica,2023,-500400.0,-500400000.0,-0.5004
VALE S.A.,Extração Mineral,2023,273782000.0,273782000000.0,273.782
CSN MINERAÇÃO S.A.,Extração Mineral,2023,6519035.0,6519035000.0,6.519035
COMPANHIA BRASILEIRA DE ALUMÍNIO,Extração Mineral,2023,148048.0,148048000.0,0.148048
NATURA COSMÉTICOS S.A.,Farmacêutico e Higiene,2023,6563666.0,6563666000.0,6.563666
EUROFARMA LABORATÓRIOS S.A.,Farmacêutico e Higiene,2023,4952235.0,4952235000.0,4.952235
HYPERA S.A.,Farmacêutico e Higiene,2023,3348949.0,3348949000.0,3.348949
BLAU FARMACÊUTICA S.A.,Farmacêutico e Higiene,2023,1215966.0,1215966000.0,1.215966
UNIÃO QUÍMICA FARMACÊUTICA NACIONAL S.A.,Farmacêutico e Higiene,2023,683624.0,683624000.0,0.683624
BOMBRIL S.A. - EM RECUPERAÇÃO JUDICIAL,Farmacêutico e Higiene,2023,122751.0,122751000.0,0.122751
NATURA &CO HOLDING S.A.,Farmacêutico e Higiene,2023,115884.0,115884000.0,0.115884
INTERPLAYERS SOLUÇÕES INTEGRADAS S.A.,Farmacêutico e Higiene,2023,45963.0,45963000.0,0.045963
BIOMM S.A.,Farmacêutico e Higiene,2023,-173700.0,-173700000.0,-0.1737
HOTEIS OTHON S.A. - EM RECUPERAÇÃO JUDICIAL,Hospedagem e Turismo,2023,321205.0,321205000.0,0.321205
CVC BRASIL OPERADORA E AGÊNCIA DE VIAGENS S.A.,Hospedagem e Turismo,2023,-1780642.0,-1780642000.0,-1.780642
CIELO S.A. -  INSTITUIÇÃO DE PAGAMENTO,Intermediação Financeira,2023,4183146.0,4183146000.0,4.183146
OLIVEIRA TRUST S.A.,Intermediação Financeira,2023,161060.0,161060000.0,0.16106
METISA METALURGICA TIMBOENSE S.A.,Metalurgia e Siderurgia,2023,180391620.0,180391620000.0,180.39162
GERDAU S.A.,Metalurgia e Siderurgia,2023,19016535.0,19016535000.0,19.016535
HAGA S.A. INDUSTRIA E COMERCIO,Metalurgia e Siderurgia,2023,8030209.0,8030209000.0,8.030209
USINAS SID DE MINAS GERAIS S.A.-USIMINAS,Metalurgia e Siderurgia,2023,7466514.0,7466514000.0,7.466514
CIA SIDERURGICA NACIONAL,Metalurgia e Siderurgia,2023,5140694.0,5140694000.0,5.140694
CIA FERRO LIGAS DA BAHIA - FERBASA,Metalurgia e Siderurgia,2023,1445359.0,1445359000.0,1.445359
TUPY S.A.,Metalurgia e Siderurgia,2023,1019234.0,1019234000.0,1.019234
SCHULZ S.A.,Metalurgia e Siderurgia,2023,547873.0,547873000.0,0.547873
ALUBAR METAIS E CABOS S.A.,Metalurgia e Siderurgia,2023,259912.0,259912000.0,0.259912
ELECTRO ACO ALTONA S.A.,Metalurgia e Siderurgia,2023,86315.0,86315000.0,0.086315
PANATLANTICA S.A.,Metalurgia e Siderurgia,2023,69111.0,69111000.0,0.069111
BAUMER S.A.,Metalurgia e Siderurgia,2023,14650.0,14650000.0,0.01465
WETZEL S.A.,Metalurgia e Siderurgia,2023,-1296.0,-1296000.0,-0.001296
PARANAPANEMA S.A. - EM RECUPERAÇÃO JUDICIAL,Metalurgia e Siderurgia,2023,-8162022.0,-8162022000.0,-8.162022
RANDONCORP S.A.,"Máquinas, Equipamentos, Veículos e Peças",2023,2659782.0,2659782000.0,2.659782
IOCHPE MAXION S.A.,"Máquinas, Equipamentos, Veículos e Peças",2023,1530189.0,1530189000.0,1.530189
TAURUS ARMAS S.A.,"Máquinas, Equipamentos, Veículos e Peças",2023,1345548.0,1345548000.0,1.345548
MAHLE METAL LEVE S.A.,"Máquinas, Equipamentos, Veículos e Peças",2023,1310138.0,1310138000.0,1.310138
MARCOPOLO S.A.,"Máquinas, Equipamentos, Veículos e Peças",2023,1247613.0,1247613000.0,1.247613
RODOBENS SA,"Máquinas, Equipamentos, Veículos e Peças",2023,1009229.0,1009229000.0,1.009229
WHIRLPOOL S.A.,"Máquinas, Equipamentos, Veículos e Peças",2023,672759.0,672759000.0,0.672759
FRASLE MOBILITY S.A.,"Máquinas, Equipamentos, Veículos e Peças",2023,592061.0,592061000.0,0.592061
ROMI S.A.,"Máquinas, Equipamentos, Veículos e Peças",2023,380683.0,380683000.0,0.380683
DESCARBONIZE SOLUÇÕES S.A.,"Máquinas, Equipamentos, Veículos e Peças",2023,224461.0,224461000.0,0.224461
METALURGICA RIOSULENSE S.A.,"Máquinas, Equipamentos, Veículos e Peças",2023,121031.0,121031000.0,0.121031
INEPAR EQUIPAMENTOS E MONTAGENS S/A - EM RECUPERACAO JUDICIA,"Máquinas, Equipamentos, Veículos e Peças",2023,114307.0,114307000.0,0.114307
INEPAR S.A. INDUSTRIA E CONSTRUCOES EM RECUPERACAO JUDICIAL,"Máquinas, Equipamentos, Veículos e Peças",2023,110859.0,110859000.0,0.110859
LUPATECH S.A,"Máquinas, Equipamentos, Veículos e Peças",2023,107514.0,107514000.0,0.107514
TECNOGERA-LOCAÇÃO E TRANSFORMAÇÃO DE ENERGIA S.A.,"Máquinas, Equipamentos, Veículos e Peças",2023,22314.0,22314000.0,0.022314
BARDELLA S.A. INDUSTRIAS MECANICAS EM RECUPERAÇÃO JUDICIAL,"Máquinas, Equipamentos, Veículos e Peças",2023,-16750.0,-16750000.0,-0.01675
RECRUSUL S.A.,"Máquinas, Equipamentos, Veículos e Peças",2023,-17873.0,-17873000.0,-0.017873
LIFEMED INDUSTRIAL DE EQUIP. E ART. MEDICOS E HOSP. S.A,"Máquinas, Equipamentos, Veículos e Peças",2023,-33400.0,-33400000.0,-0.0334
METALFRIO SOLUTIONS S.A.,"Máquinas, Equipamentos, Veículos e Peças",2023,-186673.0,-186673000.0,-0.186673
EMBRAER S.A.,"Máquinas, Equipamentos, Veículos e Peças",2023,-262858.0,-262858000.0,-0.262858
AERIS IND. E COM. DE EQUIP. PARA GER. DE ENG. S.A.,"Máquinas, Equipamentos, Veículos e Peças",2023,-453118.0,-453118000.0,-0.453118
COBRASMA S.A.,"Máquinas, Equipamentos, Veículos e Peças",2023,-5501079.0,-5501079000.0,-5.501079
SUZANO S.A.,Papel e Celulose,2023,37501268.0,37501268000.0,37.501268
KLABIN S.A.,Papel e Celulose,2023,7536291.0,7536291000.0,7.536291
ELDORADO BRASIL CELULOSE S.A.,Papel e Celulose,2023,5881463.0,5881463000.0,5.881463
CIA MELHORAMENTOS DE SAO PAULO,Papel e Celulose,2023,9390.0,9390000.0,0.00939
UNIPAR CARBOCLORO S.A.,Petroquímicos e Borracha,2023,4251152.0,4251152000.0,4.251152
BORRACHAS VIPAL S.A.,Petroquímicos e Borracha,2023,489107.0,489107000.0,0.489107
METANOR SA METANOL DO NE,Petroquímicos e Borracha,2023,42359.0,42359000.0,0.042359
SANSUY S.A. INDUSTRIA DE PLASTICOS,Petroquímicos e Borracha,2023,-470191.0,-470191000.0,-0.470191
UNIGEL PARTICIPAÇÕES S.A.,Petroquímicos e Borracha,2023,-1945715.0,-1945715000.0,-1.945715
BRASKEM S.A.,Petroquímicos e Borracha,2023,-5711000.0,-5711000000.0,-5.711
PETROLEO BRASILEIRO S.A. PETROBRAS,Petróleo e Gás,2023,628342000.0,628342000000.0,628.342
PRIO S.A.,Petróleo e Gás,2023,8581951.0,8581951000.0,8.581951
BRAVA ENERGIA S.A.,Petróleo e Gás,2023,1105862.0,1105862000.0,1.105862
ORIGEM ENERGIA S.A.,Petróleo e Gás,2023,555246.0,555246000.0,0.555246
PRIO FORTE S.A.,Petróleo e Gás,2023,205651.0,205651000.0,0.205651
OCEANPACT SERVIÇOS MARITIMOS S.A.,Petróleo e Gás,2023,-19660.0,-19660000.0,-0.01966
REFINARIA DE PETROLEOS MANGUINHOS S.A.,Petróleo e Gás,2023,-1914917.0,-1914917000.0,-1.914917
CIA SANEAMENTO BASICO EST SAO PAULO,"Saneamento, Serv. Água e Gás",2023,7047062.0,7047062000.0,7.047062
CIA SANEAMENTO DE MINAS GERAIS-COPASA MG,"Saneamento, Serv. Água e Gás",2023,4445416.0,4445416000.0,4.445416
AEGEA SANEAMENTO E PARTICIPAÇÕES S.A.,"Saneamento, Serv. Água e Gás",2023,2014694.0,2014694000.0,2.014694
EQUIPAV SANEAMENTO S.A.,"Saneamento, Serv. Água e Gás",2023,1735140.0,1735140000.0,1.73514
VITAL ENGENHARIA AMBIENTAL S.A.,"Saneamento, Serv. Água e Gás",2023,1194206.0,1194206000.0,1.194206
ENVIRONMENTAL ESG PARTICIPAÇÕES S.A.,"Saneamento, Serv. Água e Gás",2023,374975.0,374975000.0,0.374975
AMBIPAR PARTICIPAÇÕES E EMPREENDIMENTOS S.A.,"Saneamento, Serv. Água e Gás",2023,330788.0,330788000.0,0.330788
SOLVI ESSENCIS AMBIENTAL S.A.,"Saneamento, Serv. Água e Gás",2023,32242.0,32242000.0,0.032242
ORIZON MEIO AMBIENTE S.A.,"Saneamento, Serv. Água e Gás",2023,-92544.0,-92544000.0,-0.092544
ORIZON VALORIZAÇÃO DE RESÍDUOS S.A.,"Saneamento, Serv. Água e Gás",2023,-186594.0,-186594000.0,-0.186594
IGUA SANEAMENTO S.A.,"Saneamento, Serv. Água e Gás",2023,-992740.0,-992740000.0,-0.99274
VIRGO COMPANHIA DE SECURITIZAÇÃO,Securitização de Recebíveis,2023,27212.0,27212000.0,0.027212
PORTO SEGURO S.A.,Seguradoras e Corretoras,2023,3472271.0,3472271000.0,3.472271
WIZ CO PARTICIPAÇÕES E CORRETAGEM DE SEGUROS S.A.,Seguradoras e Corretoras,2023,429882.0,429882000.0,0.429882
QUALICORP CONSULTORIA E CORRETORA DE SEGUROS S.A.,Seguradoras e Corretoras,2023,26103.0,26103000.0,0.026103
IRB - BRASIL RESSEGUROS S.A.,Seguradoras e Corretoras,2023,-1089184.0,-1089184000.0,-1.089184
REDE D'OR SÃO LUIZ S.A.,Serviços Médicos,2023,3376018.0,3376018000.0,3.376018
BRADSAÚDE S.A.,Serviços Médicos,2023,1755678.0,1755678000.0,1.755678
FLEURY S.A.,Serviços Médicos,2023,729554.0,729554000.0,0.729554
ONCOCLÍNICAS DO BRASIL SERVIÇOS MÉDICOS S.A.,Serviços Médicos,2023,426332.0,426332000.0,0.426332
HOSPITAL MATER DEI S.A.,Serviços Médicos,2023,263934.0,263934000.0,0.263934
ELFA MEDICAMENTOS S.A.,Serviços Médicos,2023,28729.0,28729000.0,0.028729
GSH CORP PARTICIPAÇÕES S.A.,Serviços Médicos,2023,23661.0,23661000.0,0.023661
MPM CORPÓREOS S.A.,Serviços Médicos,2023,-76881.0,-76881000.0,-0.076881
HOSPITAL ANCHIETA S.A.,Serviços Médicos,2023,-126537.0,-126537000.0,-0.126537
KORA SAÚDE PARTICIPAÇÕES S.A.,Serviços Médicos,2023,-252538.0,-252538000.0,-0.252538
HOSPITAL CARE CALEDONIA S.A.,Serviços Médicos,2023,-292702.0,-292702000.0,-0.292702
ALLIANÇA SAÚDE E PARTICIPAÇÕES S.A.,Serviços Médicos,2023,-437802.0,-437802000.0,-0.437802
DIAGNOSTICOS DA AMERICA S.A.,Serviços Médicos,2023,-3035072.0,-3035072000.0,-3.035072
HAPVIDA PARTICIPAÇÕES E INVESTIMENTOS S.A.,Serviços Médicos,2023,-4951058.0,-4951058000.0,-4.951058
LOCALIZA RENT A CAR S.A.,Serviços Transporte e Logística,2023,7288594.0,7288594000.0,7.288594
ECORODOVIAS INFRAESTRUTURA E LOGÍSTICA S.A.,Serviços Transporte e Logística,2023,1661382.0,1661382000.0,1.661382
"VAMOS LOCAÇÃO DE CAMINHÕES, MÁQUINAS E EQUIPAMENTOS S.A.",Serviços Transporte e Logística,2023,1255588.0,1255588000.0,1.255588
LOCALIZA FLEET S.A.,Serviços Transporte e Logística,2023,1155341.0,1155341000.0,1.155341
JSL S.A.,Serviços Transporte e Logística,2023,1091930.0,1091930000.0,1.09193
COMPANHIA DE LOCAÇÃO DAS AMÉRICAS,Serviços Transporte e Logística,2023,1024779.0,1024779000.0,1.024779
"MILLS LOCAÇÃO, SERVIÇOS E LOGÍSTICA S.A.",Serviços Transporte e Logística,2023,989330.0,989330000.0,0.98933
LOG-IN LOGISTICA INTERMODAL S.A.,Serviços Transporte e Logística,2023,466932.0,466932000.0,0.466932
VIX LOGÍSTICA S.A.,Serviços Transporte e Logística,2023,426498.0,426498000.0,0.426498
TEGMA GESTAO LOGISTICA S.A.,Serviços Transporte e Logística,2023,341576.0,341576000.0,0.341576
SIMPAR S.A.,Serviços Transporte e Logística,2023,288857.0,288857000.0,0.288857
UNIDAS LOCAÇÕES E SERVIÇOS S.A.,Serviços Transporte e Logística,2023,203820.0,203820000.0,0.20382
UNIDAS LOCADORA S.A.,Serviços Transporte e Logística,2023,90923.0,90923000.0,0.090923
LETS RENT A CAR S/A,Serviços Transporte e Logística,2023,63754.0,63754000.0,0.063754
CLI SUL S.A.,Serviços Transporte e Logística,2023,52628.0,52628000.0,0.052628
HOLDING DO ARAGUAIA S.A.,Serviços Transporte e Logística,2023,44090.0,44090000.0,0.04409
HIDROVIAS DO BRASIL S.A.,Serviços Transporte e Logística,2023,9436.0,9436000.0,0.009436
EPR INFRAESTRUTURA PR S.A.,Serviços Transporte e Logística,2023,-3063.0,-3063000.0,-0.003063
CORREDOR LOGÍSTICA E INFRAESTRUTURA S.A.,Serviços Transporte e Logística,2023,-41840.0,-41840000.0,-0.04184
MOVIDA PARTICIPACOES SA,Serviços Transporte e Logística,2023,-188890.0,-188890000.0,-0.18889
BBM LOGÍSTICA S.A.,Serviços Transporte e Logística,2023,-249852.0,-249852000.0,-0.249852
"ALLPARK EMPREENDIMENTOS, PARTICIPAÇÕES E SERVIÇOS S.A.",Serviços Transporte e Logística,2023,-451532.0,-451532000.0,-0.451532
SEQUOIA LOGÍSTICA E TRANSPORTES S.A.,Serviços Transporte e Logística,2023,-929094.0,-929094000.0,-0.929094
ARTERIS S.A.,Serviços Transporte e Logística,2023,-2015924.0,-2015924000.0,-2.015924
AUTOMOB PARTICIPAÇÕES S.A.,Serviços Transporte e Logística,2023,-18394941.0,-18394941000.0,-18.394941
TELEFÔNICA BRASIL S.A,Telecomunicações,2023,9097879.0,9097879000.0,9.097879
TIM S.A.,Telecomunicações,2023,4508177.0,4508177000.0,4.508177
TIM BRASIL SERVIÇOS E PARTICIPAÇÕES S.A.,Telecomunicações,2023,4006600.0,4006600000.0,4.0066
BRISANET SERVIÇOS DE TELECOMUNICAÇÕES S.A.,Telecomunicações,2023,479432.0,479432000.0,0.479432
DESKTOP S.A.,Telecomunicações,2023,343940.0,343940000.0,0.34394
BRASIL TECNOLOGIA E PARTICIPAÇÕES S.A.,Telecomunicações,2023,317217.0,317217000.0,0.317217
VERO S.A.,Telecomunicações,2023,53581.0,53581000.0,0.053581
GIGA MAIS FIBRA TELECOMUNICAÇÕES S.A.,Telecomunicações,2023,40816.0,40816000.0,0.040816
V. TAL - REDE NEUTRA DE TELECOMUNICAÇÕES S.A.,Telecomunicações,2023,-57718.0,-57718000.0,-0.057718
LIGGA TELECOMUNICAÇÕES S.A.,Telecomunicações,2023,-97915.0,-97915000.0,-0.097915
ALGAR TELECOM S/A,Telecomunicações,2023,-98170.0,-98170000.0,-0.09817
OI S.A. - EM RECUPERAÇÃO JUDICIAL,Telecomunicações,2023,-24693690.0,-24693690000.0,-24.69369
PETTENATI S.A. INDUSTRIA TEXTIL,Têxtil e Vestuário,2023,150744553.0,150744553000.0,150.744553
GRENDENE S.A.,Têxtil e Vestuário,2023,1125698.0,1125698000.0,1.125698
VULCABRAS S.A.,Têxtil e Vestuário,2023,964813.0,964813000.0,0.964813
MUNDIAL S.A. - PRODUTOS DE CONSUMO,Têxtil e Vestuário,2023,875165.0,875165000.0,0.875165
AZZAS 2154 S.A.,Têxtil e Vestuário,2023,821211.0,821211000.0,0.821211
TRACK & FIELD CO S.A.,Têxtil e Vestuário,2023,210870.0,210870000.0,0.21087
CAMBUCI S.A.,Têxtil e Vestuário,2023,128624.0,128624000.0,0.128624
CIA FIACAO TECIDOS CEDRO CACHOEIRA,Têxtil e Vestuário,2023,53170.0,53170000.0,0.05317
COMPANHIA INDUSTRIAL CATAGUASES,Têxtil e Vestuário,2023,42561.0,42561000.0,0.042561
KARSTEN S.A.,Têxtil e Vestuário,2023,21014.0,21014000.0,0.021014
TEXTIL RENAUXVIEW S.A.,Têxtil e Vestuário,2023,17868.0,17868000.0,0.017868
GUARARAPES CONFECCOES S.A.,Têxtil e Vestuário,2023,17720.0,17720000.0,0.01772
C&A MODAS S.A.,Têxtil e Vestuário,2023,3166.0,3166000.0,0.003166
CIA INDUSTRIAL SCHLOSSER S.A.,Têxtil e Vestuário,2023,-330.0,-330000.0,-0.00033
FIACAO E TECELAGEM SAO JOSE SA EM RECUPERACAO JUDICIAL,Têxtil e Vestuário,2023,-16341.0,-16341000.0,-0.016341
CIA TECIDOS SANTANENSE EM RECUPERAÇÃO JUDICIAL,Têxtil e Vestuário,2023,-88421.0,-88421000.0,-0.088421
INBRANDS S.A.,Têxtil e Vestuário,2023,-151234.0,-151234000.0,-0.151234
TEKA-TECELAGEM KUEHNRICH S.A. - EM RECUPERAÇÃO JUDICIAL,Têxtil e Vestuário,2023,-311235.0,-311235000.0,-0.311235
GRUPO DE MODA SOMA S.A.,Têxtil e Vestuário,2023,-1281941.0,-1281941000.0,-1.281941
CIA TECIDOS NORTE DE MINAS COTEMINAS,Têxtil e Vestuário,2023,-1898491.0,-1898491000.0,-1.898491
ALPARGATAS S.A.,Têxtil e Vestuário,2023,-3517906.0,-3517906000.0,-3.517906
SAO MARTINHO S.A.,"Agricultura (Açúcar, Álcool e Cana)",2024,2492023.0,2492023000.0,2.492023
SLC AGRICOLA S.A.,"Agricultura (Açúcar, Álcool e Cana)",2024,1419703.0,1419703000.0,1.419703
TRÊS TENTOS AGROINDUSTRIAL S/A,"Agricultura (Açúcar, Álcool e Cana)",2024,1330167.0,1330167000.0,1.330167
JALLES MACHADO S.A.,"Agricultura (Açúcar, Álcool e Cana)",2024,777447.0,777447000.0,0.777447
BRASILAGRO - CIA BRAS DE PROP AGRICOLAS,"Agricultura (Açúcar, Álcool e Cana)",2024,495403.0,495403000.0,0.495403
ENGELHART CTP (BRASIL) S.A.,"Agricultura (Açúcar, Álcool e Cana)",2024,428848.0,428848000.0,0.428848
CERRADINHO BIOENERGIA S.A.,"Agricultura (Açúcar, Álcool e Cana)",2024,283098.0,283098000.0,0.283098
CTC - CENTRO DE TECNOLOGIA CANAVIEIRA S.A.,"Agricultura (Açúcar, Álcool e Cana)",2024,243744.0,243744000.0,0.243744
VITTIA S.A.,"Agricultura (Açúcar, Álcool e Cana)",2024,172608.0,172608000.0,0.172608
TERRA SANTA PROPRIEDADES AGRÍCOLAS S.A.,"Agricultura (Açúcar, Álcool e Cana)",2024,42546.0,42546000.0,0.042546
NUTRIPLANT INDUSTRIA E COMERCIO S.A.,"Agricultura (Açúcar, Álcool e Cana)",2024,13784.0,13784000.0,0.013784
RAIZEN ENERGIA S.A.,"Agricultura (Açúcar, Álcool e Cana)",2024,-668519.0,-668519000.0,-0.668519
COSAN S.A.,"Agricultura (Açúcar, Álcool e Cana)",2024,-6554044.0,-6554044000.0,-6.554044
JBS S.A.,Alimentos,2024,9974849.0,9974849000.0,9.974849
M.DIAS BRANCO S.A. IND COM DE ALIMENTOS,Alimentos,2024,1534602.0,1534602000.0,1.534602
J. MACEDO S.A.,Alimentos,2024,775816.0,775816000.0,0.775816
CAMIL ALIMENTOS S.A.,Alimentos,2024,714145.0,714145000.0,0.714145
CARAMURU ALIMENTOS S.A.,Alimentos,2024,511933.0,511933000.0,0.511933
BOA SAFRA SEMENTES S.A.,Alimentos,2024,505460.0,505460000.0,0.50546
GRANJA FARIA S.A.,Alimentos,2024,427467.0,427467000.0,0.427467
MARFRIG GLOBAL FOODS S.A.,Alimentos,2024,259624.0,259624000.0,0.259624
MADERO INDÚSTRIA E COMÉRCIO S.A.,Alimentos,2024,153945.0,153945000.0,0.153945
CONSERVAS ODERICH S.A.,Alimentos,2024,127711.0,127711000.0,0.127711
INTERNATIONAL MEAL COMPANY ALIMENTACAO S.A.,Alimentos,2024,-158275.0,-158275000.0,-0.158275
ZAMP SA,Alimentos,2024,-289145.0,-289145000.0,-0.289145
MINERVA S.A.,Alimentos,2024,-1168273.0,-1168273000.0,-1.168273
BCO BRASIL S.A.,Bancos,2024,62337155.0,62337155000.0,62.337155
BCO BRADESCO S.A.,Bancos,2024,32044918.0,32044918000.0,32.044918
BCO SANTANDER (BRASIL) S.A.,Bancos,2024,22912575.0,22912575000.0,22.912575
BCO DAYCOVAL S.A.,Bancos,2024,2809377.0,2809377000.0,2.809377
BANCO DO ESTADO DO RIO GRANDE DO SUL SA,Bancos,2024,1740232.0,1740232000.0,1.740232
BCO MERCANTIL DO BRASIL S.A.,Bancos,2024,905995.0,905995000.0,0.905995
BANESTES S.A. - BCO EST ESPIRITO SANTO,Bancos,2024,752437.0,752437000.0,0.752437
BRB BANCO DE BRASILIA S.A.,Bancos,2024,547192.0,547192000.0,0.547192
BANCO RCI BRASIL S.A.,Bancos,2024,541700.0,541700000.0,0.5417
AMBEV S.A.,Bebidas e Fumo,2024,59614822.0,59614822000.0,59.614822
SOLAR BEBIDAS S.A.,Bebidas e Fumo,2024,2642415.0,2642415000.0,2.642415
"B3 S.A. - BRASIL, BOLSA, BALCÃO",Bolsas de Valores/Mercadorias e Futuros,2024,17418406.0,17418406000.0,17.418406
SMARTFIT ESCOLA DE GINÁSTICA E DANÇA S.A.,Brinquedos e Lazer,2024,2969504.0,2969504000.0,2.969504
BLUEFIT ACADEMIAS DE GINÁSTICA E PARTICIPAÇÕES S.A.,Brinquedos e Lazer,2024,21119.0,21119000.0,0.021119
T4F ENTRETENIMENTO S.A.,Brinquedos e Lazer,2024,-10043.0,-10043000.0,-0.010043
MANUFATURA DE BRINQUEDOS ESTRELA S.A.,Brinquedos e Lazer,2024,-46072.0,-46072000.0,-0.046072
TOTVS S.A.,Comunicação e Informática,2024,1499878.0,1499878000.0,1.499878
VALID SOLUÇÕES S.A.,Comunicação e Informática,2024,590270.0,590270000.0,0.59027
SENIOR SISTEMAS S.A.,Comunicação e Informática,2024,370680.0,370680000.0,0.37068
POSITIVO TECNOLOGIA S.A.,Comunicação e Informática,2024,335920.0,335920000.0,0.33592
BRQ SOLUCOES EM INFORMATICA S.A.,Comunicação e Informática,2024,265426.0,265426000.0,0.265426
BEMOBI MOBILE TECH S.A.,Comunicação e Informática,2024,207052.0,207052000.0,0.207052
NEOGRID PARTICIPAÇÕES S.A.,Comunicação e Informática,2024,-28245.0,-28245000.0,-0.028245
LWSA S/A,Comunicação e Informática,2024,-31541.0,-31541000.0,-0.031541
BIONEXO S.A.,Comunicação e Informática,2024,-33680.0,-33680000.0,-0.03368
MÉLIUZ S.A.,Comunicação e Informática,2024,-36886.0,-36886000.0,-0.036886
CLEAR SALE S.A.,Comunicação e Informática,2024,-56615.0,-56615000.0,-0.056615
DOTZ S.A.,Comunicação e Informática,2024,-76990.0,-76990000.0,-0.07699
ECONOMATICA S.A.,Comunicação e Informática,2024,-330592.0,-330592000.0,-0.330592
GRUPO MULTILASER S.A.,Comunicação e Informática,2024,-1157411.0,-1157411000.0,-1.157411
VIVARA PARTICIPAÇÕES S.A.,Comércio (Atacado e Varejo),2024,1022638499.0,1022638499000.0,1022.638499
VIBRA ENERGIA S/A,Comércio (Atacado e Varejo),2024,22266000.0,22266000000.0,22.266
AMERICANAS S.A. - EM RECUPERAÇÃO JUDICIAL,Comércio (Atacado e Varejo),2024,12018000.0,12018000000.0,12.018
RAIA DROGASIL S.A.,Comércio (Atacado e Varejo),2024,4597032.0,4597032000.0,4.597032
LOJAS RENNER S.A.,Comércio (Atacado e Varejo),2024,4345854.0,4345854000.0,4.345854
RAÍZEN S.A.,Comércio (Atacado e Varejo),2024,3117459.0,3117459000.0,3.117459
INTELBRAS S.A. IND. DE TELECOMUNICAÇÃO ELETRÔNICA BRASILEIRA,Comércio (Atacado e Varejo),2024,1073970.0,1073970000.0,1.07397
GRUPO SBF S.A.,Comércio (Atacado e Varejo),2024,704646.0,704646000.0,0.704646
IGUATEMI EMPRESA DE SHOPPING CENTERS S.A,Comércio (Atacado e Varejo),2024,681652.0,681652000.0,0.681652
SBF COMÉRCIO DE PRODUTOS ESPORTIVOS S.A.,Comércio (Atacado e Varejo),2024,651815.0,651815000.0,0.651815
TECIDOS E ARMARINHOS MIGUEL BARTOLOMEU S.A.,Comércio (Atacado e Varejo),2024,598692.0,598692000.0,0.598692
ALLIED TECNOLOGIA S.A.,Comércio (Atacado e Varejo),2024,535952.0,535952000.0,0.535952
BTG PACTUAL COMMODITIES SERTRADING S.A.,Comércio (Atacado e Varejo),2024,497535.0,497535000.0,0.497535
GRUPO FARTURA DE HORTIFRUT S.A.,Comércio (Atacado e Varejo),2024,429068.0,429068000.0,0.429068
DIMED S.A. DISTRIBUIDORA DE MEDICAMENTOS,Comércio (Atacado e Varejo),2024,396828.0,396828000.0,0.396828
CPX DISTRIBUIDORA S.A.,Comércio (Atacado e Varejo),2024,388908.0,388908000.0,0.388908
LUPO S.A.,Comércio (Atacado e Varejo),2024,344724.0,344724000.0,0.344724
EMPREENDIMENTOS PAGUE MENOS S.A.,Comércio (Atacado e Varejo),2024,211766.0,211766000.0,0.211766
PROFARMA DISTRIB PROD FARMACEUTICOS S.A.,Comércio (Atacado e Varejo),2024,200671.0,200671000.0,0.200671
GRAZZIOTIN S.A.,Comércio (Atacado e Varejo),2024,200301.0,200301000.0,0.200301
UNIÃO PET PARTICIPAÇÕES S.A.,Comércio (Atacado e Varejo),2024,175533.0,175533000.0,0.175533
TECHNOS S.A.,Comércio (Atacado e Varejo),2024,121046.0,121046000.0,0.121046
OUROFINO S.A.,Comércio (Atacado e Varejo),2024,84353.0,84353000.0,0.084353
D1000 VAREJO FARMA PARTICIPAÇÕES S.A.,Comércio (Atacado e Varejo),2024,47219.0,47219000.0,0.047219
LOJAS QUERO QUERO S.A.,Comércio (Atacado e Varejo),2024,39650.0,39650000.0,0.03965
HUMBERG AGRIBRASIL COMÉRCIO E EXPORTAÇÃO DE GRÃOS S.A.,Comércio (Atacado e Varejo),2024,28548.0,28548000.0,0.028548
LIVETECH DA BAHIA INDÚSTRIA E COMÉRCIO S.A.,Comércio (Atacado e Varejo),2024,16781.0,16781000.0,0.016781
FARMÁCIA E DROGARIA NISSEI S.A.,Comércio (Atacado e Varejo),2024,-30746.0,-30746000.0,-0.030746
PET CENTER COMÉRCIO E PARTICIPAÇÕES S.A.,Comércio (Atacado e Varejo),2024,-52814.0,-52814000.0,-0.052814
W2W E-COMMERCE DE VINHOS S.A.,Comércio (Atacado e Varejo),2024,-67310.0,-67310000.0,-0.06731
ENJOEI S.A.,Comércio (Atacado e Varejo),2024,-76906.0,-76906000.0,-0.076906
CVLB BRASIL S.A EM RECUPERAÇÃO JUDICAL,Comércio (Atacado e Varejo),2024,-247304.0,-247304000.0,-0.247304
GRUPO TOKY S.A. - EM RECUPERAÇÃO JUDICIAL,Comércio (Atacado e Varejo),2024,-249226.0,-249226000.0,-0.249226
MAGAZINE LUIZA S.A.,Comércio (Atacado e Varejo),2024,-530387.0,-530387000.0,-0.530387
MARISA LOJAS S.A.,Comércio (Atacado e Varejo),2024,-836537.0,-836537000.0,-0.836537
CM HOSPITALAR S.A,Comércio (Atacado e Varejo),2024,-1055575.0,-1055575000.0,-1.055575
GENERAL SHOPPING E OUTLETS DO BRASIL BRASIL S.A.,Comércio (Atacado e Varejo),2024,-1444206.0,-1444206000.0,-1.444206
INFRACOMMERCE CXAAS S.A.,Comércio (Atacado e Varejo),2024,-2051015.0,-2051015000.0,-2.051015
AGROGALAXY PARTICIPAÇÕES S.A. - EM RECUPERAÇÃO JUDICIAL,Comércio (Atacado e Varejo),2024,-3387304.0,-3387304000.0,-3.387304
GRUPO CASAS BAHIA S.A.,Comércio (Atacado e Varejo),2024,-7340000.0,-7340000000.0,-7.34
CIA BRASILEIRA DE DISTRIBUICAO,Comércio (Atacado e Varejo),2024,-9074000.0,-9074000000.0,-9.074
VOTORANTIM CIMENTOS S.A.,"Construção Civil, Mat. Constr. e Decoração",2024,3691576.0,3691576000.0,3.691576
CYRELA BRAZIL REALTY S.A.EMPREEND E PART,"Construção Civil, Mat. Constr. e Decoração",2024,3026752.0,3026752000.0,3.026752
DEXCO S.A.,"Construção Civil, Mat. Constr. e Decoração",2024,1971290.0,1971290000.0,1.97129
YOU INC INCORPORADORA E PARTICIPAÇÕES S.A,"Construção Civil, Mat. Constr. e Decoração",2024,1714894.0,1714894000.0,1.714894
CURY CONSTRUTORA E INCORPORADORA S.A.,"Construção Civil, Mat. Constr. e Decoração",2024,1194423.0,1194423000.0,1.194423
DIRECIONAL ENGENHARIA S.A.,"Construção Civil, Mat. Constr. e Decoração",2024,1114545.0,1114545000.0,1.114545
MOURA DUBEUX ENGENHARIA S/A,"Construção Civil, Mat. Constr. e Decoração",2024,813342.0,813342000.0,0.813342
PLANO & PLANO DESENVOLVIMENTO IMOBILIÁRIO S.A.,"Construção Civil, Mat. Constr. e Decoração",2024,667480.0,667480000.0,0.66748
LAVVI EMPREENDIMENTOS IMOBILIÁRIOS S.A.,"Construção Civil, Mat. Constr. e Decoração",2024,639075.0,639075000.0,0.639075
EUCATEX S.A. INDUSTRIA E COMERCIO,"Construção Civil, Mat. Constr. e Decoração",2024,620217.0,620217000.0,0.620217
LOG COMMERCIAL PROPERTIES E PARTICIPAÇÕES,"Construção Civil, Mat. Constr. e Decoração",2024,539338.0,539338000.0,0.539338
HBR REALTY EMPREENDIMENTOS IMOBILIÁRIOS S.A.,"Construção Civil, Mat. Constr. e Decoração",2024,402740.0,402740000.0,0.40274
CONSTRUTORA METROCASA S.A.,"Construção Civil, Mat. Constr. e Decoração",2024,385022.0,385022000.0,0.385022
PACAEMBU CONSTRUTORA S.A.,"Construção Civil, Mat. Constr. e Decoração",2024,367227.0,367227000.0,0.367227
EVEN CONSTRUTORA E INCORPORADORA S.A.,"Construção Civil, Mat. Constr. e Decoração",2024,363141.0,363141000.0,0.363141
ROSSI RESIDENCIAL S.A. - EM RECUPERAÇÃO JUDICIAL,"Construção Civil, Mat. Constr. e Decoração",2024,350608.0,350608000.0,0.350608
HELBOR EMPREENDIMENTOS S.A.,"Construção Civil, Mat. Constr. e Decoração",2024,335861.0,335861000.0,0.335861
ETERNIT S.A.,"Construção Civil, Mat. Constr. e Decoração",2024,166041.0,166041000.0,0.166041
MITRE REALTY EMPREENDIMENTOS E PARTICIPAÇÕES S.A.,"Construção Civil, Mat. Constr. e Decoração",2024,164520.0,164520000.0,0.16452
CONSTRUTORA SULTEPA S.A. - EM RECUPERAÇÃO JUDICIAL,"Construção Civil, Mat. Constr. e Decoração",2024,163737.0,163737000.0,0.163737
KALLAS INCORPORAÇÕES E CONSTRUÇÕES S.A.,"Construção Civil, Mat. Constr. e Decoração",2024,136684.0,136684000.0,0.136684
BRZ EMPREENDIMENTOS E CONSTRUÇÕES S.A.,"Construção Civil, Mat. Constr. e Decoração",2024,115269.0,115269000.0,0.115269
PATRIMAR ENGENHARIA S.A.,"Construção Civil, Mat. Constr. e Decoração",2024,114664.0,114664000.0,0.114664
PRINER SERVIÇOS INDUSTRIAIS S.A.,"Construção Civil, Mat. Constr. e Decoração",2024,105794.0,105794000.0,0.105794
INC EMPREENDIMENTOS IMOBILIÁRIOS S.A.,"Construção Civil, Mat. Constr. e Decoração",2024,104481.0,104481000.0,0.104481
TIGRE S.A. PARTICIPAÇÕES,"Construção Civil, Mat. Constr. e Decoração",2024,86514.0,86514000.0,0.086514
EMCCAMP RESIDENCIAL S.A.,"Construção Civil, Mat. Constr. e Decoração",2024,45585.0,45585000.0,0.045585
UNICASA INDÚSTRIA DE MÓVEIS S.A.,"Construção Civil, Mat. Constr. e Decoração",2024,27616.0,27616000.0,0.027616
SONDOTECNICA ENGENHARIA SOLOS S.A.,"Construção Civil, Mat. Constr. e Decoração",2024,26779.0,26779000.0,0.026779
CONSTRUTORA ADOLPHO LINDENBERG S.A.,"Construção Civil, Mat. Constr. e Decoração",2024,17628.0,17628000.0,0.017628
CONSTRUTORA TENDA S.A.,"Construção Civil, Mat. Constr. e Decoração",2024,-1799.0,-1799000.0,-0.001799
EZ INC INCORPORAÇÕES S.A.,"Construção Civil, Mat. Constr. e Decoração",2024,-9881.0,-9881000.0,-0.009881
FICA EMPREENDIMENTOS IMOBILIÁRIOS S.A.,"Construção Civil, Mat. Constr. e Decoração",2024,-13484.0,-13484000.0,-0.013484
YUNY INCORPORADORA HOLDING S.A.,"Construção Civil, Mat. Constr. e Decoração",2024,-21987.0,-21987000.0,-0.021987
URBA DESENVOLVIMENTO URBANO S.A.,"Construção Civil, Mat. Constr. e Decoração",2024,-66803.0,-66803000.0,-0.066803
VIVER INCORPORADORA E CONSTRUTORA S.A.,"Construção Civil, Mat. Constr. e Decoração",2024,-113203.0,-113203000.0,-0.113203
PBG S/A,"Construção Civil, Mat. Constr. e Decoração",2024,-137120.0,-137120000.0,-0.13712
GAFISA S.A.,"Construção Civil, Mat. Constr. e Decoração",2024,-236193.0,-236193000.0,-0.236193
JOAO FORTES ENGENHARIA S.A. - EM RECUPERAÇÃO JUDICIAL,"Construção Civil, Mat. Constr. e Decoração",2024,-289257.0,-289257000.0,-0.289257
AZEVEDO E TRAVASSOS S.A.,"Construção Civil, Mat. Constr. e Decoração",2024,-317296.0,-317296000.0,-0.317296
RNI NEGÓCIOS IMOBILIÁRIOS S.A.,"Construção Civil, Mat. Constr. e Decoração",2024,-331653.0,-331653000.0,-0.331653
TECNISA S.A.,"Construção Civil, Mat. Constr. e Decoração",2024,-412640.0,-412640000.0,-0.41264
ALPHAVILLE S.A.,"Construção Civil, Mat. Constr. e Decoração",2024,-495767.0,-495767000.0,-0.495767
MRV ENGENHARIA E PARTICIPACOES S.A.,"Construção Civil, Mat. Constr. e Decoração",2024,-500536.0,-500536000.0,-0.500536
INTERCEMENT BRASIL S.A. - EM RECUPERAÇÃO JUDICIAL,"Construção Civil, Mat. Constr. e Decoração",2024,-682756.0,-682756000.0,-0.682756
INSPIRALI EDUCAÇÃO S.A.,Educação,2024,687893.0,687893000.0,0.687893
VITRU EDUCAÇÃO S.A.,Educação,2024,411423.0,411423000.0,0.411423
CRUZEIRO DO SUL EDUCACIONAL S.A.,Educação,2024,244761.0,244761000.0,0.244761
ATOM EDUCAÇÃO E EDITORA S.A.,Educação,2024,603.0,603000.0,0.000603
ANIMA HOLDING S.A.,Educação,2024,-8728.0,-8728000.0,-0.008728
SER EDUCACIONAL S.A.,Educação,2024,-29206.0,-29206000.0,-0.029206
IRANI PAPEL E EMBALAGEM S.A.,Embalagens,2024,687953.0,687953000.0,0.687953
ALIPERTI S.A.,"Emp. Adm. Part. - Agricultura (Açúcar, Álcool e Cana)",2024,67397.0,67397000.0,0.067397
GRANBIO INVESTIMENTOS S.A.,"Emp. Adm. Part. - Agricultura (Açúcar, Álcool e Cana)",2024,-50500.0,-50500000.0,-0.0505
BRF S.A.,Emp. Adm. Part. - Alimentos,2024,1823052.0,1823052000.0,1.823052
JOSAPAR-JOAQUIM OLIVEIRA S.A. - PARTICIP,Emp. Adm. Part. - Alimentos,2024,51160.0,51160000.0,0.05116
MINUPAR PARTICIPACOES S.A.,Emp. Adm. Part. - Alimentos,2024,23959.0,23959000.0,0.023959
BRBI BR PARTNERS S.A,Emp. Adm. Part. - Bancos,2024,348754.0,348754000.0,0.348754
QUALITY SOFTWARE S.A.,Emp. Adm. Part. - Comunicação e Informática,2024,45514461.0,45514461000.0,45.514461
CONTAX PARTICIPAÇÕES S.A. - EM RECUPERAÇÃO JUDICIAL,Emp. Adm. Part. - Comunicação e Informática,2024,449195.0,449195000.0,0.449195
ELETROMIDIA S.A.,Emp. Adm. Part. - Comunicação e Informática,2024,238456.0,238456000.0,0.238456
VOKE S.A.,Emp. Adm. Part. - Comunicação e Informática,2024,34097.0,34097000.0,0.034097
ALLOS S.A.,Emp. Adm. Part. - Comércio (Atacado e Varejo),2024,8611776.0,8611776000.0,8.611776
BR MALLS PARTICIPACOES S.A.,Emp. Adm. Part. - Comércio (Atacado e Varejo),2024,6326462.0,6326462000.0,6.326462
GRUPO MATEUS S.A.,Emp. Adm. Part. - Comércio (Atacado e Varejo),2024,5139064.0,5139064000.0,5.139064
ATACADÃO S.A.,Emp. Adm. Part. - Comércio (Atacado e Varejo),2024,2602000.0,2602000000.0,2.602
IGUATEMI S.A.,Emp. Adm. Part. - Comércio (Atacado e Varejo),2024,708810.0,708810000.0,0.70881
ALMEIDA JUNIOR SHOPPING CENTERS S.A.,Emp. Adm. Part. - Comércio (Atacado e Varejo),2024,326402.0,326402000.0,0.326402
CANTU STORE S.A.,Emp. Adm. Part. - Comércio (Atacado e Varejo),2024,174575.0,174575000.0,0.174575
VESTE S.A. ESTILO,Emp. Adm. Part. - Comércio (Atacado e Varejo),2024,23444.0,23444000.0,0.023444
MULTIPLAN - EMPREEND IMOBILIARIOS S.A.,"Emp. Adm. Part. - Const. Civil, Mat. Const. e Decoração",2024,4723080.0,4723080000.0,4.72308
JHSF PARTICIPACOES S.A.,"Emp. Adm. Part. - Const. Civil, Mat. Const. e Decoração",2024,1359410.0,1359410000.0,1.35941
SYN PROP & TECH S.A.,"Emp. Adm. Part. - Const. Civil, Mat. Const. e Decoração",2024,1330984.0,1330984000.0,1.330984
PDG REALTY S.A. EMPREEND E PARTICIPACOES,"Emp. Adm. Part. - Const. Civil, Mat. Const. e Decoração",2024,689546.0,689546000.0,0.689546
EZ TEC EMPREEND. E PARTICIPACOES S.A.,"Emp. Adm. Part. - Const. Civil, Mat. Const. e Decoração",2024,674814.0,674814000.0,0.674814
TRISUL S.A.,"Emp. Adm. Part. - Const. Civil, Mat. Const. e Decoração",2024,610078.0,610078000.0,0.610078
MELNICK DESENVOLVIMENTO IMOBILIÁRIO S.A.,"Emp. Adm. Part. - Const. Civil, Mat. Const. e Decoração",2024,288782.0,288782000.0,0.288782
TEGRA INCORPORADORA S.A.,"Emp. Adm. Part. - Const. Civil, Mat. Const. e Decoração",2024,114807.0,114807000.0,0.114807
LPS BRASIL - CONSULTORIA DE IMOVEIS S.A.,"Emp. Adm. Part. - Const. Civil, Mat. Const. e Decoração",2024,69803.0,69803000.0,0.069803
SUGOI S.A.,"Emp. Adm. Part. - Const. Civil, Mat. Const. e Decoração",2024,-62949.0,-62949000.0,-0.062949
NEXPE PARTICIPAÇÕES S.A,"Emp. Adm. Part. - Const. Civil, Mat. Const. e Decoração",2024,-96502.0,-96502000.0,-0.096502
CIA HABITASUL DE PARTICIPACOES,Emp. Adm. Part. - Crédito Imobiliário,2024,296046.0,296046000.0,0.296046
YDUQS PARTICIPACOES S.A.,Emp. Adm. Part. - Educação,2024,991718.0,991718000.0,0.991718
COGNA EDUCAÇÃO S.A.,Emp. Adm. Part. - Educação,2024,480278.0,480278000.0,0.480278
CEL PARTICIPAÇÕES S.A. - CELPAR,Emp. Adm. Part. - Educação,2024,273264.0,273264000.0,0.273264
GRUPO SALTA EDUCAÇÃO S.A.,Emp. Adm. Part. - Educação,2024,25756.0,25756000.0,0.025756
BIOMA EDUCAÇÃO S.A.,Emp. Adm. Part. - Educação,2024,-81032.0,-81032000.0,-0.081032
CPFL ENERGIA S.A.,Emp. Adm. Part. - Energia Elétrica,2024,22597432.0,22597432000.0,22.597432
AXIA ENERGIA S.A.,Emp. Adm. Part. - Energia Elétrica,2024,14775614.0,14775614000.0,14.775614
NEOENERGIA S.A.,Emp. Adm. Part. - Energia Elétrica,2024,8209000.0,8209000000.0,8.209
ENERGISA S.A.,Emp. Adm. Part. - Energia Elétrica,2024,7219816.0,7219816000.0,7.219816
TRANSMISSORA ALIANÇA DE ENERGIA ELÉTRICA S.A.,Emp. Adm. Part. - Energia Elétrica,2024,6123270.0,6123270000.0,6.12327
CPFL ENERGIAS RENOVÁVEIS S.A.,Emp. Adm. Part. - Energia Elétrica,2024,5173358.0,5173358000.0,5.173358
ALUPAR INVESTIMENTO S/A,Emp. Adm. Part. - Energia Elétrica,2024,3010892.0,3010892000.0,3.010892
LIGHT S.A. - EM RECUPERAÇÃO JUDICIAL,Emp. Adm. Part. - Energia Elétrica,2024,1898941.0,1898941000.0,1.898941
ARGO ENERGIA EMPREENDIMENTOS E PARTICIPAÇÕES S/A,Emp. Adm. Part. - Energia Elétrica,2024,942950.0,942950000.0,0.94295
SERENA GERAÇÃO S.A.,Emp. Adm. Part. - Energia Elétrica,2024,887451.0,887451000.0,0.887451
ELETRORIVER S.A.,Emp. Adm. Part. - Energia Elétrica,2024,573964.0,573964000.0,0.573964
ENERGISA TRANSMISSÃO DE ENERGIA S/A,Emp. Adm. Part. - Energia Elétrica,2024,378427.0,378427000.0,0.378427
AUREN OPERAÇÕES S.A.,Emp. Adm. Part. - Energia Elétrica,2024,362245.0,362245000.0,0.362245
SERENA ENERGIA S.A.,Emp. Adm. Part. - Energia Elétrica,2024,359601.0,359601000.0,0.359601
TERP GLBL BRASIL I PARTICIPAÇÕES S.A.,Emp. Adm. Part. - Energia Elétrica,2024,333269.0,333269000.0,0.333269
CIA CELG DE PARTICIPACOES - CELGPAR,Emp. Adm. Part. - Energia Elétrica,2024,86217.0,86217000.0,0.086217
CELEO REDES TRANSMISSÃO DE ENERGIA S.A.,Emp. Adm. Part. - Energia Elétrica,2024,78217.0,78217000.0,0.078217
FOZ DO RIO CLARO ENERGIA S.A.,Emp. Adm. Part. - Energia Elétrica,2024,7405.0,7405000.0,0.007405
ASSURUÁ 4 E 5 HOLDING ENERGIA S.A.,Emp. Adm. Part. - Energia Elétrica,2024,-2877.0,-2877000.0,-0.002877
ASA BRANCA HOLDING S.A.,Emp. Adm. Part. - Energia Elétrica,2024,-53201.0,-53201000.0,-0.053201
PLATÃO CAPITAL S.A.,Emp. Adm. Part. - Energia Elétrica,2024,-64750.0,-64750000.0,-0.06475
RIO ALTO STL HOLDING I S.A.,Emp. Adm. Part. - Energia Elétrica,2024,-306759.0,-306759000.0,-0.306759
AURA ALMAS MINERAÇÃO S.A.,Emp. Adm. Part. - Extração Mineral,2024,183377.0,183377000.0,0.183377
ITAÚSA S.A.,Emp. Adm. Part. - Intermediação Financeira,2024,57730000.0,57730000000.0,57.73
ARANDU INVESTIMENTOS S.A.,Emp. Adm. Part. - Intermediação Financeira,2024,37352.0,37352000.0,0.037352
METALURGICA GERDAU S.A.,Emp. Adm. Part. - Metalurgia e Siderurgia,2024,24391212.0,24391212000.0,24.391212
KEPLER WEBER S.A.,Emp. Adm. Part. - Metalurgia e Siderurgia,2024,444397.0,444397000.0,0.444397
TEKNO S.A. - INDUSTRIA E COMERCIO,Emp. Adm. Part. - Metalurgia e Siderurgia,2024,86520.0,86520000.0,0.08652
MANGELS INDUSTRIAL S.A.,Emp. Adm. Part. - Metalurgia e Siderurgia,2024,-7528.0,-7528000.0,-0.007528
WEG S.A.,"Emp. Adm. Part. - Máqs., Equip., Veíc. e Peças",2024,12186378.0,12186378000.0,12.186378
WLM PART. E COMÉRCIO DE MÁQUINAS E VEÍCULOS S.A.,"Emp. Adm. Part. - Máqs., Equip., Veíc. e Peças",2024,243967.0,243967000.0,0.243967
PRÁTICA PRODUTOS S.A.,"Emp. Adm. Part. - Máqs., Equip., Veíc. e Peças",2024,61682.0,61682000.0,0.061682
PLASCAR PARTICIPACOES INDUSTRIAIS S.A.,"Emp. Adm. Part. - Máqs., Equip., Veíc. e Peças",2024,-110709.0,-110709000.0,-0.110709
SUZANO HOLDING S.A.,Emp. Adm. Part. - Papel e Celulose,2024,6976293.0,6976293000.0,6.976293
ULTRAPAR PARTICIPACOES S.A.,Emp. Adm. Part. - Petróleo e Gás,2024,5043653.0,5043653000.0,5.043653
PETRORECÔNCAVO S.A.,Emp. Adm. Part. - Petróleo e Gás,2024,1146436.0,1146436000.0,1.146436
CBO HOLDING S.A.,Emp. Adm. Part. - Petróleo e Gás,2024,111574.0,111574000.0,0.111574
OCEÂNICA ENGENHARIA E CONSULTORIA S.A.,Emp. Adm. Part. - Petróleo e Gás,2024,-274962.0,-274962000.0,-0.274962
COMPASS GÁS E ENERGIA S.A.,"Emp. Adm. Part. - Saneamento, Serv. Água e Gás",2024,7845390.0,7845390000.0,7.84539
BRK AMBIENTAL PARTICIPAÇÕES S.A.,"Emp. Adm. Part. - Saneamento, Serv. Água e Gás",2024,-130650.0,-130650000.0,-0.13065
BB SEGURIDADE PARTICIPAÇÕES S.A.,Emp. Adm. Part. - Seguradoras e Corretoras,2024,16650556.0,16650556000.0,16.650556
CAIXA SEGURIDADE PARTICIPAÇÕES S.A.,Emp. Adm. Part. - Seguradoras e Corretoras,2024,7347428.0,7347428000.0,7.347428
MONTEIRO ARANHA S.A.,Emp. Adm. Part. - Sem Setor Principal,2024,1903246.0,1903246000.0,1.903246
GPS PARTICIPAÇÕES E EMPREENDIMENTOS S.A.,Emp. Adm. Part. - Sem Setor Principal,2024,1312781.0,1312781000.0,1.312781
XP INVESTIMENTOS S.A.,Emp. Adm. Part. - Sem Setor Principal,2024,1190930.0,1190930000.0,1.19093
SAO CARLOS EMPREEND E PARTICIPACOES S.A.,Emp. Adm. Part. - Sem Setor Principal,2024,541526.0,541526000.0,0.541526
HMOBI PARTICIPAÇÕES S.A.,Emp. Adm. Part. - Sem Setor Principal,2024,466102.0,466102000.0,0.466102
DEXXOS PARTICIPAÇÕES S.A.,Emp. Adm. Part. - Sem Setor Principal,2024,364485.0,364485000.0,0.364485
PORTO SERVIÇO S.A,Emp. Adm. Part. - Sem Setor Principal,2024,235709.0,235709000.0,0.235709
CSU DIGITAL S.A.,Emp. Adm. Part. - Sem Setor Principal,2024,179600.0,179600000.0,0.1796
CIA PARTICIPACOES ALIANCA DA BAHIA,Emp. Adm. Part. - Sem Setor Principal,2024,106350.0,106350000.0,0.10635
TREVISA INVESTIMENTOS S.A.,Emp. Adm. Part. - Sem Setor Principal,2024,55623.0,55623000.0,0.055623
EMBPAR PARTICIPAÇÕES S/A,Emp. Adm. Part. - Sem Setor Principal,2024,8764.0,8764000.0,0.008764
MLOG S.A.,Emp. Adm. Part. - Sem Setor Principal,2024,-70047.0,-70047000.0,-0.070047
YBYRÁ CAPITAL S.A.,Emp. Adm. Part. - Sem Setor Principal,2024,-73391.0,-73391000.0,-0.073391
OSX BRASIL S.A. - EM RECUPERAÇÃO JUDICIAL,Emp. Adm. Part. - Sem Setor Principal,2024,-2782331.0,-2782331000.0,-2.782331
MOTIVA INFRAESTRUTURA DE MOBILIDADE S.A.,Emp. Adm. Part. - Serviços Transporte e Logística,2024,3166116.0,3166116000.0,3.166116
SANTOS BRASIL PARTICIPACOES S.A.,Emp. Adm. Part. - Serviços Transporte e Logística,2024,2492540.0,2492540000.0,2.49254
ECORODOVIAS CONCESSÕES E SERVIÇOS S.A.,Emp. Adm. Part. - Serviços Transporte e Logística,2024,1785802.0,1785802000.0,1.785802
CONCESSIONÁRIA DA LINHA 4 DO METRÔ DE SÃO PAULO S.A.,Emp. Adm. Part. - Serviços Transporte e Logística,2024,1201935.0,1201935000.0,1.201935
WILSON SONS S.A.,Emp. Adm. Part. - Serviços Transporte e Logística,2024,893491.0,893491000.0,0.893491
LM TRANSPORTES INTERESTADUAIS SERVIÇOS E COMÉRCIO S.A.,Emp. Adm. Part. - Serviços Transporte e Logística,2024,360555.0,360555000.0,0.360555
RODOVIAS DO BRASIL HOLDING S.A.,Emp. Adm. Part. - Serviços Transporte e Logística,2024,306750.0,306750000.0,0.30675
TPI - TRIUNFO PARTICIP. E INVEST. S.A.,Emp. Adm. Part. - Serviços Transporte e Logística,2024,7793.0,7793000.0,0.007793
AUSTRAVIAS S.A.,Emp. Adm. Part. - Serviços Transporte e Logística,2024,-22808.0,-22808000.0,-0.022808
RUMO S.A.,Emp. Adm. Part. - Serviços Transporte e Logística,2024,-454650.0,-454650000.0,-0.45465
INVESTIMENTOS E PARTICIP. EM INFRA S.A. - INVEPAR,Emp. Adm. Part. - Serviços Transporte e Logística,2024,-2299230.0,-2299230000.0,-2.29923
AZUL S.A.,Emp. Adm. Part. - Serviços Transporte e Logística,2024,-11531827.0,-11531827000.0,-11.531827
GOL LINHAS AEREAS INTELIGENTES S.A.,Emp. Adm. Part. - Serviços Transporte e Logística,2024,-14578724.0,-14578724000.0,-14.578724
PORTO SAÚDE PARTICIPAÇÕES S.A.,Emp. Adm. Part. - Serviços médicos,2024,442199.0,442199000.0,0.442199
CLARO TELECOM PARTICIPAÇÕES S.A.,Emp. Adm. Part. - Telecomunicações,2024,1671484.0,1671484000.0,1.671484
UNIFIQUE TELECOMUNICAÇÕES S.A.,Emp. Adm. Part. - Telecomunicações,2024,319675.0,319675000.0,0.319675
SUL 116 PARTICIPAÇÕES S.A. - EM LIQUIDAÇÃO,Emp. Adm. Part. - Telecomunicações,2024,-455.0,-455000.0,-0.000455
PADTEC HOLDING S.A.,Emp. Adm. Part. - Telecomunicações,2024,-12425.0,-12425000.0,-0.012425
ALARES INTERNET PARTICIPAÇÕES S/A,Emp. Adm. Part. - Telecomunicações,2024,-257882.0,-257882000.0,-0.257882
AMMO VAREJO S.A.,Emp. Adm. Part. - Têxtil e Vestuário,2024,-232638.0,-232638000.0,-0.232638
SPRINGS GLOBAL PARTICIPACOES S.A.,Emp. Adm. Part. - Têxtil e Vestuário,2024,-1679304.0,-1679304000.0,-1.679304
ENGIE BRASIL ENERGIA S.A.,Energia Elétrica,2024,23195703.0,23195703000.0,23.195703
ISA ENERGIA BRASIL,Energia Elétrica,2024,12890186.0,12890186000.0,12.890186
CIA ENERGETICA DE MINAS GERAIS - CEMIG,Energia Elétrica,2024,12886122.0,12886122000.0,12.886122
CIA PARANAENSE DE ENERGIA - COPEL,Energia Elétrica,2024,10253076.0,10253076000.0,10.253076
EDP - ENERGIAS DO BRASIL S.A.,Energia Elétrica,2024,7709402.0,7709402000.0,7.709402
EQUATORIAL S.A.,Energia Elétrica,2024,6644089.0,6644089000.0,6.644089
CEMIG GERACAO E TRANSMISSAO S.A.,Energia Elétrica,2024,6094979.0,6094979000.0,6.094979
CHINA THREE GORGES BRASIL ENERGIA S.A.,Energia Elétrica,2024,4933273.0,4933273000.0,4.933273
REDE ENERGIA PARTICIPAÇÕES S.A.,Energia Elétrica,2024,4305221.0,4305221000.0,4.305221
CPFL GERACAO DE ENERGIA S.A.,Energia Elétrica,2024,4058104.0,4058104000.0,4.058104
COPEL GERAÇÃO E TRANSMISSÃO S.A.,Energia Elétrica,2024,3007485.0,3007485000.0,3.007485
AXIA ENERGIA NORDESTE S.A.,Energia Elétrica,2024,2914646.0,2914646000.0,2.914646
AXIA ENERGIA NORTE S.A.,Energia Elétrica,2024,2728497.0,2728497000.0,2.728497
CPFL TRANSMISSÃO S.A.,Energia Elétrica,2024,2253358.0,2253358000.0,2.253358
CENTRAIS ELET DE SANTA CATARINA S.A.,Energia Elétrica,2024,1272836.0,1272836000.0,1.272836
CESP - CIA ENERGETICA DE SAO PAULO,Energia Elétrica,2024,1257060.0,1257060000.0,1.25706
ENEVA S.A,Energia Elétrica,2024,852904.0,852904000.0,0.852904
RIO PARANAPANEMA ENERGIA S.A.,Energia Elétrica,2024,683234.0,683234000.0,0.683234
HÉLIO VALGAS SOLAR PARTICIPAÇÕES S.A.,Energia Elétrica,2024,535605.0,535605000.0,0.535605
LIGHT ENERGIA S.A.,Energia Elétrica,2024,501512.0,501512000.0,0.501512
COMPANHIA ENERGÉTICA DE BRASÍLIA - CEB,Energia Elétrica,2024,460550.0,460550000.0,0.46055
COMERC ENERGIA S.A.,Energia Elétrica,2024,235006.0,235006000.0,0.235006
ESSENTIA PCHS S.A.,Energia Elétrica,2024,213117.0,213117000.0,0.213117
EMAE - EMPRESA METROP. DE AGUAS E ENERGIA S.A.,Energia Elétrica,2024,205204.0,205204000.0,0.205204
MULTINER S/A,Energia Elétrica,2024,192957.0,192957000.0,0.192957
AUREN PARTICIPAÇÕES S.A.,Energia Elétrica,2024,14216.0,14216000.0,0.014216
COMPANHIA ESTADUAL DE GERAÇÃO DE ENERGIA ELÉTRICA - CEEE-G,Energia Elétrica,2024,7182.0,7182000.0,0.007182
PRODUTORES ENERGET.DE MANSO S.A.- PROMAN,Energia Elétrica,2024,-299.0,-299000.0,-0.000299
AXIA ENERGIA SUL S.A.,Energia Elétrica,2024,-8085.0,-8085000.0,-0.008085
AUREN ENERGIA S.A.,Energia Elétrica,2024,-91640.0,-91640000.0,-0.09164
RENOVA ENERGIA S.A.,Energia Elétrica,2024,-126307.0,-126307000.0,-0.126307
ANEMUS WIND HOLDING S.A.,Energia Elétrica,2024,-128419.0,-128419000.0,-0.128419
RIO ALTO ENERGIAS RENOVÁVEIS S.A.,Energia Elétrica,2024,-587470.0,-587470000.0,-0.58747
2W ECOBANK S.A. - EM RECUPERAÇÃO JUDICIAL,Energia Elétrica,2024,-629689.0,-629689000.0,-0.629689
BRASIL BIOFUELS S.A.,Energia Elétrica,2024,-795474.0,-795474000.0,-0.795474
VALE S.A.,Extração Mineral,2024,141970000.0,141970000000.0,141.97
CSN MINERAÇÃO S.A.,Extração Mineral,2024,8096455.0,8096455000.0,8.096455
COMPANHIA BRASILEIRA DE ALUMÍNIO,Extração Mineral,2024,-882418.0,-882418000.0,-0.882418
NATURA COSMÉTICOS S.A.,Farmacêutico e Higiene,2024,7200586.0,7200586000.0,7.200586
HYPERA S.A.,Farmacêutico e Higiene,2024,2981425.0,2981425000.0,2.981425
EUROFARMA LABORATÓRIOS S.A.,Farmacêutico e Higiene,2024,2546358.0,2546358000.0,2.546358
BLAU FARMACÊUTICA S.A.,Farmacêutico e Higiene,2024,922032.0,922032000.0,0.922032
UNIÃO QUÍMICA FARMACÊUTICA NACIONAL S.A.,Farmacêutico e Higiene,2024,654835.0,654835000.0,0.654835
BIOMM S.A.,Farmacêutico e Higiene,2024,-158379.0,-158379000.0,-0.158379
BOMBRIL S.A. - EM RECUPERAÇÃO JUDICIAL,Farmacêutico e Higiene,2024,-1452050.0,-1452050000.0,-1.45205
NATURA &CO HOLDING S.A.,Farmacêutico e Higiene,2024,-5955170.0,-5955170000.0,-5.95517
HOTEIS OTHON S.A. - EM RECUPERAÇÃO JUDICIAL,Hospedagem e Turismo,2024,204645.0,204645000.0,0.204645
CVC BRASIL OPERADORA E AGÊNCIA DE VIAGENS S.A.,Hospedagem e Turismo,2024,-1120442.0,-1120442000.0,-1.120442
CIELO S.A. -  INSTITUIÇÃO DE PAGAMENTO,Intermediação Financeira,2024,4238453.0,4238453000.0,4.238453
OLIVEIRA TRUST S.A.,Intermediação Financeira,2024,184572.0,184572000.0,0.184572
METISA METALURGICA TIMBOENSE S.A.,Metalurgia e Siderurgia,2024,117798081.0,117798081000.0,117.798081
GERDAU S.A.,Metalurgia e Siderurgia,2024,12136045.0,12136045000.0,12.136045
HAGA S.A. INDUSTRIA E COMERCIO,Metalurgia e Siderurgia,2024,5048205.0,5048205000.0,5.048205
USINAS SID DE MINAS GERAIS S.A.-USIMINAS,Metalurgia e Siderurgia,2024,3287460.0,3287460000.0,3.28746
CIA FERRO LIGAS DA BAHIA - FERBASA,Metalurgia e Siderurgia,2024,710639.0,710639000.0,0.710639
TUPY S.A.,Metalurgia e Siderurgia,2024,599453.0,599453000.0,0.599453
SCHULZ S.A.,Metalurgia e Siderurgia,2024,533083.0,533083000.0,0.533083
ALUBAR METAIS E CABOS S.A.,Metalurgia e Siderurgia,2024,214258.0,214258000.0,0.214258
ELECTRO ACO ALTONA S.A.,Metalurgia e Siderurgia,2024,115854.0,115854000.0,0.115854
PANATLANTICA S.A.,Metalurgia e Siderurgia,2024,98077.0,98077000.0,0.098077
BAUMER S.A.,Metalurgia e Siderurgia,2024,38202.0,38202000.0,0.038202
WETZEL S.A.,Metalurgia e Siderurgia,2024,7542.0,7542000.0,0.007542
CIA SIDERURGICA NACIONAL,Metalurgia e Siderurgia,2024,-2270984.0,-2270984000.0,-2.270984
PARANAPANEMA S.A. - EM RECUPERAÇÃO JUDICIAL,Metalurgia e Siderurgia,2024,-7057088.0,-7057088000.0,-7.057088
RANDONCORP S.A.,"Máquinas, Equipamentos, Veículos e Peças",2024,2710370.0,2710370000.0,2.71037
EMBRAER S.A.,"Máquinas, Equipamentos, Veículos e Peças",2024,2708186.0,2708186000.0,2.708186
MARCOPOLO S.A.,"Máquinas, Equipamentos, Veículos e Peças",2024,2033188.0,2033188000.0,2.033188
IOCHPE MAXION S.A.,"Máquinas, Equipamentos, Veículos e Peças",2024,1457925.0,1457925000.0,1.457925
MAHLE METAL LEVE S.A.,"Máquinas, Equipamentos, Veículos e Peças",2024,1288982.0,1288982000.0,1.288982
WHIRLPOOL S.A.,"Máquinas, Equipamentos, Veículos e Peças",2024,1164847.0,1164847000.0,1.164847
RODOBENS SA,"Máquinas, Equipamentos, Veículos e Peças",2024,843130.0,843130000.0,0.84313
FRASLE MOBILITY S.A.,"Máquinas, Equipamentos, Veículos e Peças",2024,763435.0,763435000.0,0.763435
TAURUS ARMAS S.A.,"Máquinas, Equipamentos, Veículos e Peças",2024,458764.0,458764000.0,0.458764
ROMI S.A.,"Máquinas, Equipamentos, Veículos e Peças",2024,279551.0,279551000.0,0.279551
INEPAR S.A. INDUSTRIA E CONSTRUCOES EM RECUPERACAO JUDICIAL,"Máquinas, Equipamentos, Veículos e Peças",2024,240652.0,240652000.0,0.240652
INEPAR EQUIPAMENTOS E MONTAGENS S/A - EM RECUPERACAO JUDICIA,"Máquinas, Equipamentos, Veículos e Peças",2024,121909.0,121909000.0,0.121909
METALURGICA RIOSULENSE S.A.,"Máquinas, Equipamentos, Veículos e Peças",2024,112858.0,112858000.0,0.112858
TECNOGERA-LOCAÇÃO E TRANSFORMAÇÃO DE ENERGIA S.A.,"Máquinas, Equipamentos, Veículos e Peças",2024,63535.0,63535000.0,0.063535
LUPATECH S.A,"Máquinas, Equipamentos, Veículos e Peças",2024,20877.0,20877000.0,0.020877
METALFRIO SOLUTIONS S.A.,"Máquinas, Equipamentos, Veículos e Peças",2024,-14296.0,-14296000.0,-0.014296
RECRUSUL S.A.,"Máquinas, Equipamentos, Veículos e Peças",2024,-24893.0,-24893000.0,-0.024893
LIFEMED INDUSTRIAL DE EQUIP. E ART. MEDICOS E HOSP. S.A,"Máquinas, Equipamentos, Veículos e Peças",2024,-45982.0,-45982000.0,-0.045982
BARDELLA S.A. INDUSTRIAS MECANICAS EM RECUPERAÇÃO JUDICIAL,"Máquinas, Equipamentos, Veículos e Peças",2024,-113361.0,-113361000.0,-0.113361
AERIS IND. E COM. DE EQUIP. PARA GER. DE ENG. S.A.,"Máquinas, Equipamentos, Veículos e Peças",2024,-2081300.0,-2081300000.0,-2.0813
COBRASMA S.A.,"Máquinas, Equipamentos, Veículos e Peças",2024,-6831691.0,-6831691000.0,-6.831691
SUZANO S.A.,Papel e Celulose,2024,7061675.0,7061675000.0,7.061675
KLABIN S.A.,Papel e Celulose,2024,4894333.0,4894333000.0,4.894333
ELDORADO BRASIL CELULOSE S.A.,Papel e Celulose,2024,3442703.0,3442703000.0,3.442703
CIA MELHORAMENTOS DE SAO PAULO,Papel e Celulose,2024,11190.0,11190000.0,0.01119
UNIPAR CARBOCLORO S.A.,Petroquímicos e Borracha,2024,2696782.0,2696782000.0,2.696782
BORRACHAS VIPAL S.A.,Petroquímicos e Borracha,2024,591299.0,591299000.0,0.591299
METANOR SA METANOL DO NE,Petroquímicos e Borracha,2024,50765.0,50765000.0,0.050765
SANSUY S.A. INDUSTRIA DE PLASTICOS,Petroquímicos e Borracha,2024,-158835.0,-158835000.0,-0.158835
UNIGEL PARTICIPAÇÕES S.A.,Petroquímicos e Borracha,2024,-4196996.0,-4196996000.0,-4.196996
BRASKEM S.A.,Petroquímicos e Borracha,2024,-16942000.0,-16942000000.0,-16.942
PETROLEO BRASILEIRO S.A. PETROBRAS,Petróleo e Gás,2024,324350000.0,324350000000.0,324.35
PRIO S.A.,Petróleo e Gás,2024,15481511.0,15481511000.0,15.481511
PRIO FORTE S.A.,Petróleo e Gás,2024,6983089.0,6983089000.0,6.983089
OCEANPACT SERVIÇOS MARITIMOS S.A.,Petróleo e Gás,2024,57717.0,57717000.0,0.057717
AZEVEDO & TRAVASSOS ENERGIA S.A.,Petróleo e Gás,2024,-38651.0,-38651000.0,-0.038651
ORIGEM ENERGIA S.A.,Petróleo e Gás,2024,-186078.0,-186078000.0,-0.186078
BRAVA ENERGIA S.A.,Petróleo e Gás,2024,-968952.0,-968952000.0,-0.968952
REFINARIA DE PETROLEOS MANGUINHOS S.A.,Petróleo e Gás,2024,-2020182.0,-2020182000.0,-2.020182
CIA SANEAMENTO BASICO EST SAO PAULO,"Saneamento, Serv. Água e Gás",2024,26206188.0,26206188000.0,26.206188
CIA SANEAMENTO DE MINAS GERAIS-COPASA MG,"Saneamento, Serv. Água e Gás",2024,5392532.0,5392532000.0,5.392532
EQUIPAV SANEAMENTO S.A.,"Saneamento, Serv. Água e Gás",2024,4043504.0,4043504000.0,4.043504
AEGEA SANEAMENTO E PARTICIPAÇÕES S.A.,"Saneamento, Serv. Água e Gás",2024,3993213.0,3993213000.0,3.993213
VITAL ENGENHARIA AMBIENTAL S.A.,"Saneamento, Serv. Água e Gás",2024,679549.0,679549000.0,0.679549
ENVIRONMENTAL ESG PARTICIPAÇÕES S.A.,"Saneamento, Serv. Água e Gás",2024,568495.0,568495000.0,0.568495
SOLVI ESSENCIS AMBIENTAL S.A.,"Saneamento, Serv. Água e Gás",2024,275237.0,275237000.0,0.275237
ORIZON VALORIZAÇÃO DE RESÍDUOS S.A.,"Saneamento, Serv. Água e Gás",2024,249286.0,249286000.0,0.249286
ORIZON MEIO AMBIENTE S.A.,"Saneamento, Serv. Água e Gás",2024,45987.0,45987000.0,0.045987
AMBIPAR PARTICIPAÇÕES E EMPREENDIMENTOS S.A.,"Saneamento, Serv. Água e Gás",2024,-231054.0,-231054000.0,-0.231054
IGUA SANEAMENTO S.A.,"Saneamento, Serv. Água e Gás",2024,-698970.0,-698970000.0,-0.69897
VIRGO COMPANHIA DE SECURITIZAÇÃO,Securitização de Recebíveis,2024,43923.0,43923000.0,0.043923
PORTO SEGURO S.A.,Seguradoras e Corretoras,2024,5005639.0,5005639000.0,5.005639
IRB - BRASIL RESSEGUROS S.A.,Seguradoras e Corretoras,2024,1363774.0,1363774000.0,1.363774
WIZ CO PARTICIPAÇÕES E CORRETAGEM DE SEGUROS S.A.,Seguradoras e Corretoras,2024,532669.0,532669000.0,0.532669
QUALICORP CONSULTORIA E CORRETORA DE SEGUROS S.A.,Seguradoras e Corretoras,2024,-60312.0,-60312000.0,-0.060312
REDE D'OR SÃO LUIZ S.A.,Serviços Médicos,2024,6047821.0,6047821000.0,6.047821
BRADSAÚDE S.A.,Serviços Médicos,2024,1050723.0,1050723000.0,1.050723
FLEURY S.A.,Serviços Médicos,2024,1024477.0,1024477000.0,1.024477
CORPÓREOS - SERVIÇOS TERAPÊUTICOS S.A.,Serviços Médicos,2024,152278.0,152278000.0,0.152278
GSH CORP PARTICIPAÇÕES S.A.,Serviços Médicos,2024,25322.0,25322000.0,0.025322
MPM CORPÓREOS S.A.,Serviços Médicos,2024,-23867.0,-23867000.0,-0.023867
HOSPITAL ANCHIETA S.A.,Serviços Médicos,2024,-162637.0,-162637000.0,-0.162637
ELFA MEDICAMENTOS S.A.,Serviços Médicos,2024,-176889.0,-176889000.0,-0.176889
HOSPITAL MATER DEI S.A.,Serviços Médicos,2024,-182657.0,-182657000.0,-0.182657
ALLIANÇA SAÚDE E PARTICIPAÇÕES S.A.,Serviços Médicos,2024,-323335.0,-323335000.0,-0.323335
KORA SAÚDE PARTICIPAÇÕES S.A.,Serviços Médicos,2024,-326523.0,-326523000.0,-0.326523
ONCOCLÍNICAS DO BRASIL SERVIÇOS MÉDICOS S.A.,Serviços Médicos,2024,-404863.0,-404863000.0,-0.404863
HOSPITAL CARE CALEDONIA S.A.,Serviços Médicos,2024,-430538.0,-430538000.0,-0.430538
HAPVIDA PARTICIPAÇÕES E INVESTIMENTOS S.A.,Serviços Médicos,2024,-2528010.0,-2528010000.0,-2.52801
DIAGNOSTICOS DA AMERICA S.A.,Serviços Médicos,2024,-4651398.0,-4651398000.0,-4.651398
LOCALIZA RENT A CAR S.A.,Serviços Transporte e Logística,2024,7232800.0,7232800000.0,7.2328
ECORODOVIAS INFRAESTRUTURA E LOGÍSTICA S.A.,Serviços Transporte e Logística,2024,3020166.0,3020166000.0,3.020166
MRS LOGISTICA S.A.,Serviços Transporte e Logística,2024,2615659.0,2615659000.0,2.615659
COMPANHIA DE LOCAÇÃO DAS AMÉRICAS,Serviços Transporte e Logística,2024,1555715.0,1555715000.0,1.555715
LOCALIZA FLEET S.A.,Serviços Transporte e Logística,2024,1447508.0,1447508000.0,1.447508
"MILLS LOCAÇÃO, SERVIÇOS E LOGÍSTICA S.A.",Serviços Transporte e Logística,2024,1126800.0,1126800000.0,1.1268
JSL S.A.,Serviços Transporte e Logística,2024,1118190.0,1118190000.0,1.11819
"VAMOS LOCAÇÃO DE CAMINHÕES, MÁQUINAS E EQUIPAMENTOS S.A.",Serviços Transporte e Logística,2024,967933.0,967933000.0,0.967933
"ARMAC LOCAÇÃO, LOGÍSTICA E SERVIÇOS S.A.",Serviços Transporte e Logística,2024,677844.0,677844000.0,0.677844
VIX LOGÍSTICA S.A.,Serviços Transporte e Logística,2024,488288.0,488288000.0,0.488288
TEGMA GESTAO LOGISTICA S.A.,Serviços Transporte e Logística,2024,452524.0,452524000.0,0.452524
EPR INFRAESTRUTURA PR S.A.,Serviços Transporte e Logística,2024,277012.0,277012000.0,0.277012
UNIDAS LOCAÇÕES E SERVIÇOS S.A.,Serviços Transporte e Logística,2024,202247.0,202247000.0,0.202247
CLI SUL S.A.,Serviços Transporte e Logística,2024,120746.0,120746000.0,0.120746
LOG-IN LOGISTICA INTERMODAL S.A.,Serviços Transporte e Logística,2024,113875.0,113875000.0,0.113875
HOLDING DO ARAGUAIA S.A.,Serviços Transporte e Logística,2024,104063.0,104063000.0,0.104063
LETS RENT A CAR S/A,Serviços Transporte e Logística,2024,89407.0,89407000.0,0.089407
AUTOMOB PARTICIPAÇÕES S.A.,Serviços Transporte e Logística,2024,29300.0,29300000.0,0.0293
CORREDOR LOGÍSTICA E INFRAESTRUTURA S.A.,Serviços Transporte e Logística,2024,-10582.0,-10582000.0,-0.010582
UNIDAS LOCADORA S.A.,Serviços Transporte e Logística,2024,-19123.0,-19123000.0,-0.019123
TURBI COMPARTILHAMENTO DE VEÍCULOS S.A.,Serviços Transporte e Logística,2024,-150823.0,-150823000.0,-0.150823
"ALLPARK EMPREENDIMENTOS, PARTICIPAÇÕES E SERVIÇOS S.A.",Serviços Transporte e Logística,2024,-153598.0,-153598000.0,-0.153598
SIMPAR S.A.,Serviços Transporte e Logística,2024,-558017.0,-558017000.0,-0.558017
HIDROVIAS DO BRASIL S.A.,Serviços Transporte e Logística,2024,-604100.0,-604100000.0,-0.6041
BBM LOGÍSTICA S.A.,Serviços Transporte e Logística,2024,-792202.0,-792202000.0,-0.792202
MOVIDA PARTICIPACOES SA,Serviços Transporte e Logística,2024,-838716.0,-838716000.0,-0.838716
ARTERIS S.A.,Serviços Transporte e Logística,2024,-1283566.0,-1283566000.0,-1.283566
SEQUOIA LOGÍSTICA E TRANSPORTES S.A.,Serviços Transporte e Logística,2024,-2100613.0,-2100613000.0,-2.100613
TELEFÔNICA BRASIL S.A,Telecomunicações,2024,10597309.0,10597309000.0,10.597309
TIM BRASIL SERVIÇOS E PARTICIPAÇÕES S.A.,Telecomunicações,2024,4820405.0,4820405000.0,4.820405
OI S.A. - EM RECUPERAÇÃO JUDICIAL,Telecomunicações,2024,4182354.0,4182354000.0,4.182354
TIM S.A.,Telecomunicações,2024,2837422.0,2837422000.0,2.837422
V. TAL - REDE NEUTRA DE TELECOMUNICAÇÕES S.A.,Telecomunicações,2024,1249981.0,1249981000.0,1.249981
DESKTOP S.A.,Telecomunicações,2024,434104.0,434104000.0,0.434104
BRISANET SERVIÇOS DE TELECOMUNICAÇÕES S.A.,Telecomunicações,2024,232982.0,232982000.0,0.232982
GIGA MAIS FIBRA TELECOMUNICAÇÕES S.A.,Telecomunicações,2024,107988.0,107988000.0,0.107988
BRASIL TECNOLOGIA E PARTICIPAÇÕES S.A.,Telecomunicações,2024,24620.0,24620000.0,0.02462
VERO S.A.,Telecomunicações,2024,-19924.0,-19924000.0,-0.019924
"BRAZIL TOWER, CESSÃO DE INFRA-ESTRUTURAS S.A",Telecomunicações,2024,-23829.0,-23829000.0,-0.023829
ALGAR TELECOM S/A,Telecomunicações,2024,-480763.0,-480763000.0,-0.480763
HIGHLINE BRASIL II INFRAESTRUTURA DE TELECOMUNICAÇÕES S.A.,Telecomunicações,2024,-1179804.0,-1179804000.0,-1.179804
PETTENATI S.A. INDUSTRIA TEXTIL,Têxtil e Vestuário,2024,102578941.0,102578941000.0,102.578941
GRENDENE S.A.,Têxtil e Vestuário,2024,1292907.0,1292907000.0,1.292907
VULCABRAS S.A.,Têxtil e Vestuário,2024,1064750.0,1064750000.0,1.06475
AZZAS 2154 S.A.,Têxtil e Vestuário,2024,737222.0,737222000.0,0.737222
C&A MODAS S.A.,Têxtil e Vestuário,2024,445658.0,445658000.0,0.445658
TRACK & FIELD CO S.A.,Têxtil e Vestuário,2024,232163.0,232163000.0,0.232163
GUARARAPES CONFECCOES S.A.,Têxtil e Vestuário,2024,200878.0,200878000.0,0.200878
CIA FIACAO TECIDOS CEDRO CACHOEIRA,Têxtil e Vestuário,2024,190779.0,190779000.0,0.190779
KARSTEN S.A.,Têxtil e Vestuário,2024,160569.0,160569000.0,0.160569
CAMBUCI S.A.,Têxtil e Vestuário,2024,148299.0,148299000.0,0.148299
COMPANHIA INDUSTRIAL CATAGUASES,Têxtil e Vestuário,2024,43370.0,43370000.0,0.04337
CIA INDUSTRIAL SCHLOSSER S.A.,Têxtil e Vestuário,2024,-273.0,-273000.0,-0.000273
MUNDIAL S.A. - PRODUTOS DE CONSUMO,Têxtil e Vestuário,2024,-3009.0,-3009000.0,-0.003009
FIACAO E TECELAGEM SAO JOSE SA EM RECUPERACAO JUDICIAL,Têxtil e Vestuário,2024,-19503.0,-19503000.0,-0.019503
TEXTIL RENAUXVIEW S.A.,Têxtil e Vestuário,2024,-22701.0,-22701000.0,-0.022701
TEKA-TECELAGEM KUEHNRICH S.A. - EM RECUPERAÇÃO JUDICIAL,Têxtil e Vestuário,2024,-71951.0,-71951000.0,-0.071951
INBRANDS S.A.,Têxtil e Vestuário,2024,-73046.0,-73046000.0,-0.073046
CIA TECIDOS SANTANENSE EM RECUPERAÇÃO JUDICIAL,Têxtil e Vestuário,2024,-255970.0,-255970000.0,-0.25597
CIA TECIDOS NORTE DE MINAS COTEMINAS,Têxtil e Vestuário,2024,-2009110.0,-2009110000.0,-2.00911
ALPARGATAS S.A.,Têxtil e Vestuário,2024,-3520174.0,-3520174000.0,-3.520174
SAO MARTINHO S.A.,"Agricultura (Açúcar, Álcool e Cana)",2025,2033010.0,2033010000.0,2.03301
TRÊS TENTOS AGROINDUSTRIAL S/A,"Agricultura (Açúcar, Álcool e Cana)",2025,1565064.0,1565064000.0,1.565064
SLC AGRICOLA S.A.,"Agricultura (Açúcar, Álcool e Cana)",2025,1046936.0,1046936000.0,1.046936
BRASILAGRO - CIA BRAS DE PROP AGRICOLAS,"Agricultura (Açúcar, Álcool e Cana)",2025,364886.0,364886000.0,0.364886
CTC - CENTRO DE TECNOLOGIA CANAVIEIRA S.A.,"Agricultura (Açúcar, Álcool e Cana)",2025,327984.0,327984000.0,0.327984
CERRADINHO BIOENERGIA S.A.,"Agricultura (Açúcar, Álcool e Cana)",2025,236823.0,236823000.0,0.236823
VITTIA S.A.,"Agricultura (Açúcar, Álcool e Cana)",2025,141455.0,141455000.0,0.141455
JALLES MACHADO S.A.,"Agricultura (Açúcar, Álcool e Cana)",2025,29168.0,29168000.0,0.029168
NUTRIPLANT INDUSTRIA E COMERCIO S.A.,"Agricultura (Açúcar, Álcool e Cana)",2025,15662.0,15662000.0,0.015662
TERRA SANTA PROPRIEDADES AGRÍCOLAS S.A.,"Agricultura (Açúcar, Álcool e Cana)",2025,12077.0,12077000.0,0.012077
RAIZEN ENERGIA S.A.,"Agricultura (Açúcar, Álcool e Cana)",2025,-7411643.0,-7411643000.0,-7.411643
COSAN S.A.,"Agricultura (Açúcar, Álcool e Cana)",2025,-36712334.0,-36712334000.0,-36.712334
JBS S.A.,Alimentos,2025,23239906.0,23239906000.0,23.239906
MARFRIG GLOBAL FOODS S.A.,Alimentos,2025,4643545.0,4643545000.0,4.643545
M.DIAS BRANCO S.A. IND COM DE ALIMENTOS,Alimentos,2025,1305765.0,1305765000.0,1.305765
CARAMURU ALIMENTOS S.A.,Alimentos,2025,842875.0,842875000.0,0.842875
J. MACEDO S.A.,Alimentos,2025,699957.0,699957000.0,0.699957
CAMIL ALIMENTOS S.A.,Alimentos,2025,577462.0,577462000.0,0.577462
GRANJA FARIA S.A.,Alimentos,2025,470323.0,470323000.0,0.470323
MADERO INDÚSTRIA E COMÉRCIO S.A.,Alimentos,2025,322276.0,322276000.0,0.322276
BOA SAFRA SEMENTES S.A.,Alimentos,2025,261638.0,261638000.0,0.261638
CONSERVAS ODERICH S.A.,Alimentos,2025,112252.0,112252000.0,0.112252
INTERNATIONAL MEAL COMPANY ALIMENTACAO S.A.,Alimentos,2025,-225246.0,-225246000.0,-0.225246
ZAMP SA,Alimentos,2025,-298456.0,-298456000.0,-0.298456
MINERVA S.A.,Alimentos,2025,-715546.0,-715546000.0,-0.715546
BCO BRASIL S.A.,Bancos,2025,45953502.0,45953502000.0,45.953502
BCO BRADESCO S.A.,Bancos,2025,41466789.0,41466789000.0,41.466789
BCO SANTANDER (BRASIL) S.A.,Bancos,2025,26378886.0,26378886000.0,26.378886
BCO DAYCOVAL S.A.,Bancos,2025,3537048.0,3537048000.0,3.537048
BANCO DO ESTADO DO RIO GRANDE DO SUL SA,Bancos,2025,2442349.0,2442349000.0,2.442349
BCO MERCANTIL DO BRASIL S.A.,Bancos,2025,1151376.0,1151376000.0,1.151376
BANESTES S.A. - BCO EST ESPIRITO SANTO,Bancos,2025,768553.0,768553000.0,0.768553
BANCO RCI BRASIL S.A.,Bancos,2025,618804.0,618804000.0,0.618804
BCO PINE S.A,Bancos,2025,534612.0,534612000.0,0.534612
AMBEV S.A.,Bebidas e Fumo,2025,61670770.0,61670770000.0,61.67077
SOLAR BEBIDAS S.A.,Bebidas e Fumo,2025,3040738.0,3040738000.0,3.040738
"B3 S.A. - BRASIL, BOLSA, BALCÃO",Bolsas de Valores/Mercadorias e Futuros,2025,18327126.0,18327126000.0,18.327126
SMARTFIT ESCOLA DE GINÁSTICA E DANÇA S.A.,Brinquedos e Lazer,2025,2162220.0,2162220000.0,2.16222
MANUFATURA DE BRINQUEDOS ESTRELA S.A.,Brinquedos e Lazer,2025,117877.0,117877000.0,0.117877
BLUEFIT ACADEMIAS DE GINÁSTICA E PARTICIPAÇÕES S.A.,Brinquedos e Lazer,2025,27149.0,27149000.0,0.027149
T4F ENTRETENIMENTO S.A.,Brinquedos e Lazer,2025,-122606.0,-122606000.0,-0.122606
TOTVS S.A.,Comunicação e Informática,2025,1656185.0,1656185000.0,1.656185
VALID SOLUÇÕES S.A.,Comunicação e Informática,2025,648356.0,648356000.0,0.648356
SENIOR SISTEMAS S.A.,Comunicação e Informática,2025,440979.0,440979000.0,0.440979
BEMOBI MOBILE TECH S.A.,Comunicação e Informática,2025,281425.0,281425000.0,0.281425
BRQ SOLUCOES EM INFORMATICA S.A.,Comunicação e Informática,2025,262864.0,262864000.0,0.262864
POSITIVO TECNOLOGIA S.A.,Comunicação e Informática,2025,97272.0,97272000.0,0.097272
MÉLIUZ S.A.,Comunicação e Informática,2025,-12474.0,-12474000.0,-0.012474
DOTZ S.A.,Comunicação e Informática,2025,-16956.0,-16956000.0,-0.016956
NEOGRID PARTICIPAÇÕES S.A.,Comunicação e Informática,2025,-39199.0,-39199000.0,-0.039199
BIONEXO S.A.,Comunicação e Informática,2025,-59267.0,-59267000.0,-0.059267
ELEA DIGITAL INFRAESTRUTURA E REDES DE TELECOMUNICAÇÕES S.A.,Comunicação e Informática,2025,-72945.0,-72945000.0,-0.072945
ECONOMATICA S.A.,Comunicação e Informática,2025,-172761.0,-172761000.0,-0.172761
LWSA S/A,Comunicação e Informática,2025,-183256.0,-183256000.0,-0.183256
GRUPO MULTILASER S.A.,Comunicação e Informática,2025,-199334.0,-199334000.0,-0.199334
VIVARA PARTICIPAÇÕES S.A.,Comércio (Atacado e Varejo),2025,1272896247.0,1272896247000.0,1272.896247
VIBRA ENERGIA S/A,Comércio (Atacado e Varejo),2025,16692000.0,16692000000.0,16.692
AMERICANAS S.A. - EM RECUPERAÇÃO JUDICIAL,Comércio (Atacado e Varejo),2025,16020000.0,16020000000.0,16.02
LOJAS RENNER S.A.,Comércio (Atacado e Varejo),2025,5308468.0,5308468000.0,5.308468
RAIA DROGASIL S.A.,Comércio (Atacado e Varejo),2025,5023232.0,5023232000.0,5.023232
BTG PACTUAL COMMODITIES SERTRADING S.A.,Comércio (Atacado e Varejo),2025,1383195.0,1383195000.0,1.383195
SBF COMÉRCIO DE PRODUTOS ESPORTIVOS S.A.,Comércio (Atacado e Varejo),2025,1165060.0,1165060000.0,1.16506
INTELBRAS S.A. IND. DE TELECOMUNICAÇÃO ELETRÔNICA BRASILEIRA,Comércio (Atacado e Varejo),2025,1012145.0,1012145000.0,1.012145
ALLIED TECNOLOGIA S.A.,Comércio (Atacado e Varejo),2025,956488.0,956488000.0,0.956488
IGUATEMI EMPRESA DE SHOPPING CENTERS S.A,Comércio (Atacado e Varejo),2025,940390.0,940390000.0,0.94039
GRUPO SBF S.A.,Comércio (Atacado e Varejo),2025,863804.0,863804000.0,0.863804
EMPREENDIMENTOS PAGUE MENOS S.A.,Comércio (Atacado e Varejo),2025,728156.0,728156000.0,0.728156
MAGAZINE LUIZA S.A.,Comércio (Atacado e Varejo),2025,653320.0,653320000.0,0.65332
TECIDOS E ARMARINHOS MIGUEL BARTOLOMEU S.A.,Comércio (Atacado e Varejo),2025,517432.0,517432000.0,0.517432
DIMED S.A. DISTRIBUIDORA DE MEDICAMENTOS,Comércio (Atacado e Varejo),2025,460228.0,460228000.0,0.460228
OUROFINO S.A.,Comércio (Atacado e Varejo),2025,356640.0,356640000.0,0.35664
LUPO S.A.,Comércio (Atacado e Varejo),2025,349878.0,349878000.0,0.349878
PROFARMA DISTRIB PROD FARMACEUTICOS S.A.,Comércio (Atacado e Varejo),2025,248826.0,248826000.0,0.248826
UNIÃO PET PARTICIPAÇÕES S.A.,Comércio (Atacado e Varejo),2025,226132.0,226132000.0,0.226132
GRAZZIOTIN S.A.,Comércio (Atacado e Varejo),2025,188504.0,188504000.0,0.188504
GRUPO FARTURA DE HORTIFRUT S.A.,Comércio (Atacado e Varejo),2025,162160.0,162160000.0,0.16216
TECHNOS S.A.,Comércio (Atacado e Varejo),2025,136308.0,136308000.0,0.136308
CPX DISTRIBUIDORA S.A.,Comércio (Atacado e Varejo),2025,78302.0,78302000.0,0.078302
D1000 VAREJO FARMA PARTICIPAÇÕES S.A.,Comércio (Atacado e Varejo),2025,48422.0,48422000.0,0.048422
PET CENTER COMÉRCIO E PARTICIPAÇÕES S.A.,Comércio (Atacado e Varejo),2025,-5428.0,-5428000.0,-0.005428
W2W E-COMMERCE DE VINHOS S.A.,Comércio (Atacado e Varejo),2025,-34561.0,-34561000.0,-0.034561
ENJOEI S.A.,Comércio (Atacado e Varejo),2025,-40723.0,-40723000.0,-0.040723
FARMÁCIA E DROGARIA NISSEI S.A.,Comércio (Atacado e Varejo),2025,-86894.0,-86894000.0,-0.086894
LIVETECH DA BAHIA INDÚSTRIA E COMÉRCIO S.A.,Comércio (Atacado e Varejo),2025,-162789.0,-162789000.0,-0.162789
GRUPO TOKY S.A. - EM RECUPERAÇÃO JUDICIAL,Comércio (Atacado e Varejo),2025,-310967.0,-310967000.0,-0.310967
LOJAS QUERO QUERO S.A.,Comércio (Atacado e Varejo),2025,-323590.0,-323590000.0,-0.32359
MARISA LOJAS S.A.,Comércio (Atacado e Varejo),2025,-375766.0,-375766000.0,-0.375766
CVLB BRASIL S.A EM RECUPERAÇÃO JUDICAL,Comércio (Atacado e Varejo),2025,-879325.0,-879325000.0,-0.879325
CM HOSPITALAR S.A,Comércio (Atacado e Varejo),2025,-1397252.0,-1397252000.0,-1.397252
GENERAL SHOPPING E OUTLETS DO BRASIL BRASIL S.A.,Comércio (Atacado e Varejo),2025,-1586196.0,-1586196000.0,-1.586196
INFRACOMMERCE CXAAS S.A.,Comércio (Atacado e Varejo),2025,-2092905.0,-2092905000.0,-2.092905
RAÍZEN S.A.,Comércio (Atacado e Varejo),2025,-3562818.0,-3562818000.0,-3.562818
CIA BRASILEIRA DE DISTRIBUICAO,Comércio (Atacado e Varejo),2025,-6436000.0,-6436000000.0,-6.436
GRUPO CASAS BAHIA S.A.,Comércio (Atacado e Varejo),2025,-8066000.0,-8066000000.0,-8.066
CYRELA BRAZIL REALTY S.A.EMPREEND E PART,"Construção Civil, Mat. Constr. e Decoração",2025,4316881.0,4316881000.0,4.316881
VOTORANTIM CIMENTOS S.A.,"Construção Civil, Mat. Constr. e Decoração",2025,4252279.0,4252279000.0,4.252279
FGR INCORPORAÇÕES S.A.,"Construção Civil, Mat. Constr. e Decoração",2025,1916536.0,1916536000.0,1.916536
CURY CONSTRUTORA E INCORPORADORA S.A.,"Construção Civil, Mat. Constr. e Decoração",2025,1780032.0,1780032000.0,1.780032
DIRECIONAL ENGENHARIA S.A.,"Construção Civil, Mat. Constr. e Decoração",2025,1707360.0,1707360000.0,1.70736
MOURA DUBEUX ENGENHARIA S/A,"Construção Civil, Mat. Constr. e Decoração",2025,1342454.0,1342454000.0,1.342454
LAVVI EMPREENDIMENTOS IMOBILIÁRIOS S.A.,"Construção Civil, Mat. Constr. e Decoração",2025,856620.0,856620000.0,0.85662
PLANO & PLANO DESENVOLVIMENTO IMOBILIÁRIO S.A.,"Construção Civil, Mat. Constr. e Decoração",2025,813265.0,813265000.0,0.813265
LOG COMMERCIAL PROPERTIES E PARTICIPAÇÕES,"Construção Civil, Mat. Constr. e Decoração",2025,707864.0,707864000.0,0.707864
PACAEMBU CONSTRUTORA S.A.,"Construção Civil, Mat. Constr. e Decoração",2025,603881.0,603881000.0,0.603881
CONSTRUTORA TENDA S.A.,"Construção Civil, Mat. Constr. e Decoração",2025,585142.0,585142000.0,0.585142
CONSTRUTORA METROCASA S.A.,"Construção Civil, Mat. Constr. e Decoração",2025,534413.0,534413000.0,0.534413
EUCATEX S.A. INDUSTRIA E COMERCIO,"Construção Civil, Mat. Constr. e Decoração",2025,517095.0,517095000.0,0.517095
INTERCEMENT BRASIL S.A. - EM RECUPERAÇÃO JUDICIAL,"Construção Civil, Mat. Constr. e Decoração",2025,488767.0,488767000.0,0.488767
DEXCO S.A.,"Construção Civil, Mat. Constr. e Decoração",2025,474880.0,474880000.0,0.47488
EVEN CONSTRUTORA E INCORPORADORA S.A.,"Construção Civil, Mat. Constr. e Decoração",2025,430570.0,430570000.0,0.43057
HELBOR EMPREENDIMENTOS S.A.,"Construção Civil, Mat. Constr. e Decoração",2025,255048.0,255048000.0,0.255048
HBR REALTY EMPREENDIMENTOS IMOBILIÁRIOS S.A.,"Construção Civil, Mat. Constr. e Decoração",2025,232347.0,232347000.0,0.232347
CONSTRUTORA SULTEPA S.A. - EM RECUPERAÇÃO JUDICIAL,"Construção Civil, Mat. Constr. e Decoração",2025,188811.0,188811000.0,0.188811
EMCCAMP RESIDENCIAL S.A.,"Construção Civil, Mat. Constr. e Decoração",2025,162674.0,162674000.0,0.162674
MITRE REALTY EMPREENDIMENTOS E PARTICIPAÇÕES S.A.,"Construção Civil, Mat. Constr. e Decoração",2025,147740.0,147740000.0,0.14774
INC EMPREENDIMENTOS IMOBILIÁRIOS S.A.,"Construção Civil, Mat. Constr. e Decoração",2025,134343.0,134343000.0,0.134343
BRZ EMPREENDIMENTOS E CONSTRUÇÕES S.A.,"Construção Civil, Mat. Constr. e Decoração",2025,121350.0,121350000.0,0.12135
ETERNIT S.A.,"Construção Civil, Mat. Constr. e Decoração",2025,87795.0,87795000.0,0.087795
PRINER SERVIÇOS INDUSTRIAIS S.A.,"Construção Civil, Mat. Constr. e Decoração",2025,72442.0,72442000.0,0.072442
PATRIMAR ENGENHARIA S.A.,"Construção Civil, Mat. Constr. e Decoração",2025,67741.0,67741000.0,0.067741
CONSTRUTORA ADOLPHO LINDENBERG S.A.,"Construção Civil, Mat. Constr. e Decoração",2025,53822.0,53822000.0,0.053822
SONDOTECNICA ENGENHARIA SOLOS S.A.,"Construção Civil, Mat. Constr. e Decoração",2025,50635.0,50635000.0,0.050635
URBA DESENVOLVIMENTO URBANO S.A.,"Construção Civil, Mat. Constr. e Decoração",2025,29423.0,29423000.0,0.029423
EZ INC INCORPORAÇÕES S.A.,"Construção Civil, Mat. Constr. e Decoração",2025,28968.0,28968000.0,0.028968
TIGRE S.A. PARTICIPAÇÕES,"Construção Civil, Mat. Constr. e Decoração",2025,6455.0,6455000.0,0.006455
UNICASA INDÚSTRIA DE MÓVEIS S.A.,"Construção Civil, Mat. Constr. e Decoração",2025,900.0,900000.0,0.0009
FICA EMPREENDIMENTOS IMOBILIÁRIOS S.A.,"Construção Civil, Mat. Constr. e Decoração",2025,-8914.0,-8914000.0,-0.008914
ALPHAVILLE S.A.,"Construção Civil, Mat. Constr. e Decoração",2025,-20295.0,-20295000.0,-0.020295
KALLAS INCORPORAÇÕES E CONSTRUÇÕES S.A.,"Construção Civil, Mat. Constr. e Decoração",2025,-96684.0,-96684000.0,-0.096684
VIVER INCORPORADORA E CONSTRUTORA S.A.,"Construção Civil, Mat. Constr. e Decoração",2025,-227935.0,-227935000.0,-0.227935
YOU INC INCORPORADORA E PARTICIPAÇÕES S.A,"Construção Civil, Mat. Constr. e Decoração",2025,-333835.0,-333835000.0,-0.333835
RNI NEGÓCIOS IMOBILIÁRIOS S.A.,"Construção Civil, Mat. Constr. e Decoração",2025,-336273.0,-336273000.0,-0.336273
PBG S/A,"Construção Civil, Mat. Constr. e Decoração",2025,-393739.0,-393739000.0,-0.393739
JOAO FORTES ENGENHARIA S.A. - EM RECUPERAÇÃO JUDICIAL,"Construção Civil, Mat. Constr. e Decoração",2025,-448006.0,-448006000.0,-0.448006
TECNISA S.A.,"Construção Civil, Mat. Constr. e Decoração",2025,-502368.0,-502368000.0,-0.502368
GAFISA S.A.,"Construção Civil, Mat. Constr. e Decoração",2025,-585273.0,-585273000.0,-0.585273
AZEVEDO E TRAVASSOS S.A.,"Construção Civil, Mat. Constr. e Decoração",2025,-884800.0,-884800000.0,-0.8848
MRV ENGENHARIA E PARTICIPACOES S.A.,"Construção Civil, Mat. Constr. e Decoração",2025,-1524801.0,-1524801000.0,-1.524801
INSPIRALI EDUCAÇÃO S.A.,Educação,2025,1081170.0,1081170000.0,1.08117
VITRU EDUCAÇÃO S.A.,Educação,2025,658643.0,658643000.0,0.658643
ANIMA HOLDING S.A.,Educação,2025,461109.0,461109000.0,0.461109
CRUZEIRO DO SUL EDUCACIONAL S.A.,Educação,2025,441172.0,441172000.0,0.441172
SER EDUCACIONAL S.A.,Educação,2025,213274.0,213274000.0,0.213274
ATOM EDUCAÇÃO E EDITORA S.A.,Educação,2025,-3480.0,-3480000.0,-0.00348
COMPANHIA BRASILEIRA DE EDUCAÇÃO E SISTEMA DE ENSINO S.A.,Educação,2025,-211800.0,-211800000.0,-0.2118
ORANJEBTC S.A. - EDUCAÇÃO E INVESTIMENTO,Educação,2025,-469986.0,-469986000.0,-0.469986
IRANI PAPEL E EMBALAGEM S.A.,Embalagens,2025,546569.0,546569000.0,0.546569
ALIPERTI S.A.,"Emp. Adm. Part. - Agricultura (Açúcar, Álcool e Cana)",2025,69001.0,69001000.0,0.069001
BRF S.A.,Emp. Adm. Part. - Alimentos,2025,6980093.0,6980093000.0,6.980093
MINUPAR PARTICIPACOES S.A.,Emp. Adm. Part. - Alimentos,2025,528199.0,528199000.0,0.528199
JOSAPAR-JOAQUIM OLIVEIRA S.A. - PARTICIP,Emp. Adm. Part. - Alimentos,2025,45694.0,45694000.0,0.045694
FICTOR ALIMENTOS S.A. - EM RECUPERAÇÃO JUDICIAL,Emp. Adm. Part. - Alimentos,2025,-23786.0,-23786000.0,-0.023786
BRBI BR PARTNERS S.A,Emp. Adm. Part. - Bancos,2025,368743.0,368743000.0,0.368743
REVEE S.A.,Emp. Adm. Part. - Brinquedos e Lazer,2025,12042000.0,12042000000.0,12.042
QUALITY SOFTWARE S.A.,Emp. Adm. Part. - Comunicação e Informática,2025,51514516.0,51514516000.0,51.514516
VOKE S.A.,Emp. Adm. Part. - Comunicação e Informática,2025,-9351.0,-9351000.0,-0.009351
CONTAX PARTICIPAÇÕES S.A. - EM RECUPERAÇÃO JUDICIAL,Emp. Adm. Part. - Comunicação e Informática,2025,-175123.0,-175123000.0,-0.175123
GRUPO MATEUS S.A.,Emp. Adm. Part. - Comércio (Atacado e Varejo),2025,6259852.0,6259852000.0,6.259852
ALLOS S.A.,Emp. Adm. Part. - Comércio (Atacado e Varejo),2025,3514542.0,3514542000.0,3.514542
BR MALLS PARTICIPACOES S.A.,Emp. Adm. Part. - Comércio (Atacado e Varejo),2025,3106052.0,3106052000.0,3.106052
IGUATEMI S.A.,Emp. Adm. Part. - Comércio (Atacado e Varejo),2025,982452.0,982452000.0,0.982452
ALMEIDA JUNIOR SHOPPING CENTERS S.A.,Emp. Adm. Part. - Comércio (Atacado e Varejo),2025,484735.0,484735000.0,0.484735
CANTU STORE S.A.,Emp. Adm. Part. - Comércio (Atacado e Varejo),2025,90641.0,90641000.0,0.090641
VESTE S.A. ESTILO,Emp. Adm. Part. - Comércio (Atacado e Varejo),2025,25074.0,25074000.0,0.025074
MULTIPLAN - EMPREEND IMOBILIARIOS S.A.,"Emp. Adm. Part. - Const. Civil, Mat. Const. e Decoração",2025,4964438.0,4964438000.0,4.964438
JHSF PARTICIPACOES S.A.,"Emp. Adm. Part. - Const. Civil, Mat. Const. e Decoração",2025,2730085.0,2730085000.0,2.730085
SYN PROP & TECH S.A.,"Emp. Adm. Part. - Const. Civil, Mat. Const. e Decoração",2025,1469626.0,1469626000.0,1.469626
EZ TEC EMPREEND. E PARTICIPACOES S.A.,"Emp. Adm. Part. - Const. Civil, Mat. Const. e Decoração",2025,976313.0,976313000.0,0.976313
TRISUL S.A.,"Emp. Adm. Part. - Const. Civil, Mat. Const. e Decoração",2025,775878.0,775878000.0,0.775878
MELNICK DESENVOLVIMENTO IMOBILIÁRIO S.A.,"Emp. Adm. Part. - Const. Civil, Mat. Const. e Decoração",2025,286889.0,286889000.0,0.286889
LPS BRASIL - CONSULTORIA DE IMOVEIS S.A.,"Emp. Adm. Part. - Const. Civil, Mat. Const. e Decoração",2025,86616.0,86616000.0,0.086616
NEXPE PARTICIPAÇÕES S.A,"Emp. Adm. Part. - Const. Civil, Mat. Const. e Decoração",2025,59054.0,59054000.0,0.059054
TEGRA INCORPORADORA S.A.,"Emp. Adm. Part. - Const. Civil, Mat. Const. e Decoração",2025,-74815.0,-74815000.0,-0.074815
PDG REALTY S.A. EMPREEND E PARTICIPACOES,"Emp. Adm. Part. - Const. Civil, Mat. Const. e Decoração",2025,-763587.0,-763587000.0,-0.763587
CIA HABITASUL DE PARTICIPACOES,Emp. Adm. Part. - Crédito Imobiliário,2025,89518.0,89518000.0,0.089518
COGNA EDUCAÇÃO S.A.,Emp. Adm. Part. - Educação,2025,1577666.0,1577666000.0,1.577666
YDUQS PARTICIPACOES S.A.,Emp. Adm. Part. - Educação,2025,1042770.0,1042770000.0,1.04277
CEL PARTICIPAÇÕES S.A. - CELPAR,Emp. Adm. Part. - Educação,2025,293187.0,293187000.0,0.293187
GRUPO SALTA EDUCAÇÃO S.A.,Emp. Adm. Part. - Educação,2025,197409.0,197409000.0,0.197409
BIOMA EDUCAÇÃO S.A.,Emp. Adm. Part. - Educação,2025,-135909.0,-135909000.0,-0.135909
CPFL ENERGIA S.A.,Emp. Adm. Part. - Energia Elétrica,2025,23008214.0,23008214000.0,23.008214
AXIA ENERGIA S.A.,Emp. Adm. Part. - Energia Elétrica,2025,16940411.0,16940411000.0,16.940411
NEOENERGIA S.A.,Emp. Adm. Part. - Energia Elétrica,2025,8739000.0,8739000000.0,8.739
ENERGISA S.A.,Emp. Adm. Part. - Energia Elétrica,2025,7776354.0,7776354000.0,7.776354
TRANSMISSORA ALIANÇA DE ENERGIA ELÉTRICA S.A.,Emp. Adm. Part. - Energia Elétrica,2025,6547556.0,6547556000.0,6.547556
CPFL ENERGIAS RENOVÁVEIS S.A.,Emp. Adm. Part. - Energia Elétrica,2025,4578280.0,4578280000.0,4.57828
ALUPAR INVESTIMENTO S/A,Emp. Adm. Part. - Energia Elétrica,2025,3593099.0,3593099000.0,3.593099
LIGHT S.A. - EM RECUPERAÇÃO JUDICIAL,Emp. Adm. Part. - Energia Elétrica,2025,1856874.0,1856874000.0,1.856874
ARGO ENERGIA EMPREENDIMENTOS E PARTICIPAÇÕES S/A,Emp. Adm. Part. - Energia Elétrica,2025,985074.0,985074000.0,0.985074
SERENA GERAÇÃO S.A.,Emp. Adm. Part. - Energia Elétrica,2025,786115.0,786115000.0,0.786115
ENERGISA TRANSMISSÃO DE ENERGIA S/A,Emp. Adm. Part. - Energia Elétrica,2025,686528.0,686528000.0,0.686528
ELETRORIVER S.A.,Emp. Adm. Part. - Energia Elétrica,2025,608457.0,608457000.0,0.608457
SERENA ENERGIA S.A.,Emp. Adm. Part. - Energia Elétrica,2025,318260.0,318260000.0,0.31826
TERP GLBL BRASIL I PARTICIPAÇÕES S.A.,Emp. Adm. Part. - Energia Elétrica,2025,215452.0,215452000.0,0.215452
AUREN OPERAÇÕES S.A.,Emp. Adm. Part. - Energia Elétrica,2025,128108.0,128108000.0,0.128108
CELEO REDES TRANSMISSÃO DE ENERGIA S.A.,Emp. Adm. Part. - Energia Elétrica,2025,59515.0,59515000.0,0.059515
FOZ DO RIO CLARO ENERGIA S.A.,Emp. Adm. Part. - Energia Elétrica,2025,-213.0,-213000.0,-0.000213
ASSURUÁ 4 E 5 HOLDING ENERGIA S.A.,Emp. Adm. Part. - Energia Elétrica,2025,-20248.0,-20248000.0,-0.020248
ASA BRANCA HOLDING S.A.,Emp. Adm. Part. - Energia Elétrica,2025,-58586.0,-58586000.0,-0.058586
TUPI ENERGIAS RENOVÁVEIS S.A.,Emp. Adm. Part. - Energia Elétrica,2025,-61993.0,-61993000.0,-0.061993
PLATÃO CAPITAL S.A.,Emp. Adm. Part. - Energia Elétrica,2025,-117340.0,-117340000.0,-0.11734
AURA ALMAS MINERAÇÃO S.A.,Emp. Adm. Part. - Extração Mineral,2025,456614.0,456614000.0,0.456614
ITAÚSA S.A.,Emp. Adm. Part. - Intermediação Financeira,2025,62874000.0,62874000000.0,62.874
ARANDU INVESTIMENTOS S.A.,Emp. Adm. Part. - Intermediação Financeira,2025,-426043.0,-426043000.0,-0.426043
METALURGICA GERDAU S.A.,Emp. Adm. Part. - Metalurgia e Siderurgia,2025,12048472.0,12048472000.0,12.048472
KEPLER WEBER S.A.,Emp. Adm. Part. - Metalurgia e Siderurgia,2025,355453.0,355453000.0,0.355453
TEKNO S.A. - INDUSTRIA E COMERCIO,Emp. Adm. Part. - Metalurgia e Siderurgia,2025,80429.0,80429000.0,0.080429
MANGELS INDUSTRIAL S.A.,Emp. Adm. Part. - Metalurgia e Siderurgia,2025,6447.0,6447000.0,0.006447
WEG S.A.,"Emp. Adm. Part. - Máqs., Equip., Veíc. e Peças",2025,13094721.0,13094721000.0,13.094721
WLM PART. E COMÉRCIO DE MÁQUINAS E VEÍCULOS S.A.,"Emp. Adm. Part. - Máqs., Equip., Veíc. e Peças",2025,216272.0,216272000.0,0.216272
PRÁTICA PRODUTOS S.A.,"Emp. Adm. Part. - Máqs., Equip., Veíc. e Peças",2025,52821.0,52821000.0,0.052821
PLASCAR PARTICIPACOES INDUSTRIAIS S.A.,"Emp. Adm. Part. - Máqs., Equip., Veíc. e Peças",2025,-313941.0,-313941000.0,-0.313941
SUZANO HOLDING S.A.,Emp. Adm. Part. - Papel e Celulose,2025,6351517.0,6351517000.0,6.351517
ULTRAPAR PARTICIPACOES S.A.,Emp. Adm. Part. - Petróleo e Gás,2025,5067808.0,5067808000.0,5.067808
PETRORECÔNCAVO S.A.,Emp. Adm. Part. - Petróleo e Gás,2025,1075850.0,1075850000.0,1.07585
CBO HOLDING S.A.,Emp. Adm. Part. - Petróleo e Gás,2025,279910.0,279910000.0,0.27991
OCEÂNICA ENGENHARIA E CONSULTORIA S.A.,Emp. Adm. Part. - Petróleo e Gás,2025,-325168.0,-325168000.0,-0.325168
COMPASS GÁS E ENERGIA S.A.,"Emp. Adm. Part. - Saneamento, Serv. Água e Gás",2025,7164322.0,7164322000.0,7.164322
BRK AMBIENTAL PARTICIPAÇÕES S.A.,"Emp. Adm. Part. - Saneamento, Serv. Água e Gás",2025,-100525.0,-100525000.0,-0.100525
BB SEGURIDADE PARTICIPAÇÕES S.A.,Emp. Adm. Part. - Seguradoras e Corretoras,2025,17720682.0,17720682000.0,17.720682
CAIXA SEGURIDADE PARTICIPAÇÕES S.A.,Emp. Adm. Part. - Seguradoras e Corretoras,2025,8056744.0,8056744000.0,8.056744
ALPER CONSULTORIA E CORRETORA DE SEGUROS S.A.,Emp. Adm. Part. - Seguradoras e Corretoras,2025,18934.0,18934000.0,0.018934
GPS PARTICIPAÇÕES E EMPREENDIMENTOS S.A.,Emp. Adm. Part. - Sem Setor Principal,2025,1360577.0,1360577000.0,1.360577
PORTO SERVIÇO S.A,Emp. Adm. Part. - Sem Setor Principal,2025,485001.0,485001000.0,0.485001
HMOBI PARTICIPAÇÕES S.A.,Emp. Adm. Part. - Sem Setor Principal,2025,359375.0,359375000.0,0.359375
DEXXOS PARTICIPAÇÕES S.A.,Emp. Adm. Part. - Sem Setor Principal,2025,296852.0,296852000.0,0.296852
CSU DIGITAL S.A.,Emp. Adm. Part. - Sem Setor Principal,2025,197228.0,197228000.0,0.197228
CIA PARTICIPACOES ALIANCA DA BAHIA,Emp. Adm. Part. - Sem Setor Principal,2025,149498.0,149498000.0,0.149498
TREVISA INVESTIMENTOS S.A.,Emp. Adm. Part. - Sem Setor Principal,2025,59956.0,59956000.0,0.059956
EMBPAR PARTICIPAÇÕES S/A,Emp. Adm. Part. - Sem Setor Principal,2025,-9655.0,-9655000.0,-0.009655
MLOG S.A.,Emp. Adm. Part. - Sem Setor Principal,2025,-85421.0,-85421000.0,-0.085421
SAO CARLOS EMPREEND E PARTICIPACOES S.A.,Emp. Adm. Part. - Sem Setor Principal,2025,-162728.0,-162728000.0,-0.162728
YBYRÁ CAPITAL S.A.,Emp. Adm. Part. - Sem Setor Principal,2025,-359440.0,-359440000.0,-0.35944
OSX BRASIL S.A. - EM RECUPERAÇÃO JUDICIAL,Emp. Adm. Part. - Sem Setor Principal,2025,-2704900.0,-2704900000.0,-2.7049
VLI MULTIMODAL S.A,Emp. Adm. Part. - Serviços Transporte e Logística,2025,16341054.0,16341054000.0,16.341054
MOTIVA INFRAESTRUTURA DE MOBILIDADE S.A.,Emp. Adm. Part. - Serviços Transporte e Logística,2025,4815112.0,4815112000.0,4.815112
SANTOS BRASIL PARTICIPACOES S.A.,Emp. Adm. Part. - Serviços Transporte e Logística,2025,3227260.0,3227260000.0,3.22726
ECORODOVIAS CONCESSÕES E SERVIÇOS S.A.,Emp. Adm. Part. - Serviços Transporte e Logística,2025,1977903.0,1977903000.0,1.977903
CONCESSIONÁRIA DA LINHA 4 DO METRÔ DE SÃO PAULO S.A.,Emp. Adm. Part. - Serviços Transporte e Logística,2025,1418586.0,1418586000.0,1.418586
RODOVIAS DO BRASIL HOLDING S.A.,Emp. Adm. Part. - Serviços Transporte e Logística,2025,488920.0,488920000.0,0.48892
LM TRANSPORTES INTERESTADUAIS SERVIÇOS E COMÉRCIO S.A.,Emp. Adm. Part. - Serviços Transporte e Logística,2025,245372.0,245372000.0,0.245372
AUSTRAVIAS S.A.,Emp. Adm. Part. - Serviços Transporte e Logística,2025,-100562.0,-100562000.0,-0.100562
RUMO S.A.,Emp. Adm. Part. - Serviços Transporte e Logística,2025,-168234.0,-168234000.0,-0.168234
INVESTIMENTOS E PARTICIP. EM INFRA S.A. - INVEPAR,Emp. Adm. Part. - Serviços Transporte e Logística,2025,-262174.0,-262174000.0,-0.262174
TPI - TRIUNFO PARTICIP. E INVEST. S.A.,Emp. Adm. Part. - Serviços Transporte e Logística,2025,-384344.0,-384344000.0,-0.384344
AZUL S.A.,Emp. Adm. Part. - Serviços Transporte e Logística,2025,-9026513.0,-9026513000.0,-9.026513
GOL LINHAS AEREAS INTELIGENTES S.A.,Emp. Adm. Part. - Serviços Transporte e Logística,2025,-14744066.0,-14744066000.0,-14.744066
PORTO SAÚDE PARTICIPAÇÕES S.A.,Emp. Adm. Part. - Serviços médicos,2025,1019723.0,1019723000.0,1.019723
CLARO TELECOM PARTICIPAÇÕES S.A.,Emp. Adm. Part. - Telecomunicações,2025,3400527.0,3400527000.0,3.400527
UNIFIQUE TELECOMUNICAÇÕES S.A.,Emp. Adm. Part. - Telecomunicações,2025,383523.0,383523000.0,0.383523
SUL 116 PARTICIPAÇÕES S.A. - EM LIQUIDAÇÃO,Emp. Adm. Part. - Telecomunicações,2025,-636.0,-636000.0,-0.000636
PADTEC HOLDING S.A.,Emp. Adm. Part. - Telecomunicações,2025,-20877.0,-20877000.0,-0.020877
ALARES INTERNET PARTICIPAÇÕES S/A,Emp. Adm. Part. - Telecomunicações,2025,-212296.0,-212296000.0,-0.212296
ENGIE BRASIL ENERGIA S.A.,Energia Elétrica,2025,21482280.0,21482280000.0,21.48228
ISA ENERGIA BRASIL,Energia Elétrica,2025,12127492.0,12127492000.0,12.127492
CIA ENERGETICA DE MINAS GERAIS - CEMIG,Energia Elétrica,2025,12018904.0,12018904000.0,12.018904
CIA PARANAENSE DE ENERGIA - COPEL,Energia Elétrica,2025,10974618.0,10974618000.0,10.974618
EDP - ENERGIAS DO BRASIL S.A.,Energia Elétrica,2025,8927782.0,8927782000.0,8.927782
EQUATORIAL S.A.,Energia Elétrica,2025,6271736.0,6271736000.0,6.271736
CEMIG GERACAO E TRANSMISSAO S.A.,Energia Elétrica,2025,5509575.0,5509575000.0,5.509575
CHINA THREE GORGES BRASIL ENERGIA S.A.,Energia Elétrica,2025,4956198.0,4956198000.0,4.956198
REDE ENERGIA PARTICIPAÇÕES S.A.,Energia Elétrica,2025,3685904.0,3685904000.0,3.685904
AXIA ENERGIA NORTE S.A.,Energia Elétrica,2025,3418502.0,3418502000.0,3.418502
COPEL GERAÇÃO E TRANSMISSÃO S.A.,Energia Elétrica,2025,3109382.0,3109382000.0,3.109382
AXIA ENERGIA NORDESTE S.A.,Energia Elétrica,2025,3083777.0,3083777000.0,3.083777
CESP - CIA ENERGETICA DE SAO PAULO,Energia Elétrica,2025,2827418.0,2827418000.0,2.827418
ENEVA S.A,Energia Elétrica,2025,2241102.0,2241102000.0,2.241102
AXIA ENERGIA SUL S.A.,Energia Elétrica,2025,1802526.0,1802526000.0,1.802526
CPFL TRANSMISSÃO S.A.,Energia Elétrica,2025,1673166.0,1673166000.0,1.673166
CENTRAIS ELET DE SANTA CATARINA S.A.,Energia Elétrica,2025,1445297.0,1445297000.0,1.445297
COMPANHIA ENERGÉTICA DE BRASÍLIA - CEB,Energia Elétrica,2025,460837.0,460837000.0,0.460837
LIGHT ENERGIA S.A.,Energia Elétrica,2025,301936.0,301936000.0,0.301936
ESSENTIA PCHS S.A.,Energia Elétrica,2025,195192.0,195192000.0,0.195192
HÉLIO VALGAS SOLAR PARTICIPAÇÕES S.A.,Energia Elétrica,2025,14370.0,14370000.0,0.01437
PRODUTORES ENERGET.DE MANSO S.A.- PROMAN,Energia Elétrica,2025,429.0,429000.0,0.000429
RIO PARANAPANEMA ENERGIA S.A.,Energia Elétrica,2025,0.0,0.0,0.0
MULTINER S/A,Energia Elétrica,2025,-58768.0,-58768000.0,-0.058768
COMPANHIA ESTADUAL DE GERAÇÃO DE ENERGIA ELÉTRICA - CEEE-G,Energia Elétrica,2025,-68918.0,-68918000.0,-0.068918
EMAE - EMPRESA METROP. DE AGUAS E ENERGIA S.A.,Energia Elétrica,2025,-104224.0,-104224000.0,-0.104224
RENOVA ENERGIA S.A.,Energia Elétrica,2025,-279300.0,-279300000.0,-0.2793
AUREN ENERGIA S.A.,Energia Elétrica,2025,-572012.0,-572012000.0,-0.572012
COMERC ENERGIA S.A.,Energia Elétrica,2025,-572651.0,-572651000.0,-0.572651
AUREN PARTICIPAÇÕES S.A.,Energia Elétrica,2025,-687951.0,-687951000.0,-0.687951
RIO ALTO ENERGIAS RENOVÁVEIS S.A.,Energia Elétrica,2025,-987680.0,-987680000.0,-0.98768
VALE S.A.,Extração Mineral,2025,84484000.0,84484000000.0,84.484
CSN MINERAÇÃO S.A.,Extração Mineral,2025,6176877.0,6176877000.0,6.176877
COMPANHIA BRASILEIRA DE ALUMÍNIO,Extração Mineral,2025,156965.0,156965000.0,0.156965
EUROFARMA LABORATÓRIOS S.A.,Farmacêutico e Higiene,2025,2602020.0,2602020000.0,2.60202
HYPERA S.A.,Farmacêutico e Higiene,2025,2521007.0,2521007000.0,2.521007
BLAU FARMACÊUTICA S.A.,Farmacêutico e Higiene,2025,1085334.0,1085334000.0,1.085334
UNIÃO QUÍMICA FARMACÊUTICA NACIONAL S.A.,Farmacêutico e Higiene,2025,589192.0,589192000.0,0.589192
BIOMM S.A.,Farmacêutico e Higiene,2025,-83925.0,-83925000.0,-0.083925
NATURA COSMÉTICOS S.A.,Farmacêutico e Higiene,2025,-1024599.0,-1024599000.0,-1.024599
BOMBRIL S.A. - EM RECUPERAÇÃO JUDICIAL,Farmacêutico e Higiene,2025,-1484208.0,-1484208000.0,-1.484208
HOTEIS OTHON S.A. - EM RECUPERAÇÃO JUDICIAL,Hospedagem e Turismo,2025,111730.0,111730000.0,0.11173
CVC BRASIL OPERADORA E AGÊNCIA DE VIAGENS S.A.,Hospedagem e Turismo,2025,-288552.0,-288552000.0,-0.288552
CIELO S.A. -  INSTITUIÇÃO DE PAGAMENTO,Intermediação Financeira,2025,4052346.0,4052346000.0,4.052346
OLIVEIRA TRUST S.A.,Intermediação Financeira,2025,235641.0,235641000.0,0.235641
B100 S.A.,Intermediação Financeira,2025,-465085.0,-465085000.0,-0.465085
METISA METALURGICA TIMBOENSE S.A.,Metalurgia e Siderurgia,2025,71204296.0,71204296000.0,71.204296
GERDAU S.A.,Metalurgia e Siderurgia,2025,6017500.0,6017500000.0,6.0175
HAGA S.A. INDUSTRIA E COMERCIO,Metalurgia e Siderurgia,2025,4708147.0,4708147000.0,4.708147
SCHULZ S.A.,Metalurgia e Siderurgia,2025,544067.0,544067000.0,0.544067
CIA FERRO LIGAS DA BAHIA - FERBASA,Metalurgia e Siderurgia,2025,516430.0,516430000.0,0.51643
ALUBAR METAIS E CABOS S.A.,Metalurgia e Siderurgia,2025,259794.0,259794000.0,0.259794
ELECTRO ACO ALTONA S.A.,Metalurgia e Siderurgia,2025,157583.0,157583000.0,0.157583
PANATLANTICA S.A.,Metalurgia e Siderurgia,2025,134525.0,134525000.0,0.134525
BAUMER S.A.,Metalurgia e Siderurgia,2025,51367.0,51367000.0,0.051367
WETZEL S.A.,Metalurgia e Siderurgia,2025,4302.0,4302000.0,0.004302
TUPY S.A.,Metalurgia e Siderurgia,2025,-572112.0,-572112000.0,-0.572112
USINAS SID DE MINAS GERAIS S.A.-USIMINAS,Metalurgia e Siderurgia,2025,-5813344.0,-5813344000.0,-5.813344
CIA SIDERURGICA NACIONAL,Metalurgia e Siderurgia,2025,-6089734.0,-6089734000.0,-6.089734
PARANAPANEMA S.A. - EM RECUPERAÇÃO JUDICIAL,Metalurgia e Siderurgia,2025,-6940200.0,-6940200000.0,-6.9402
EMBRAER S.A.,"Máquinas, Equipamentos, Veículos e Peças",2025,3915868.0,3915868000.0,3.915868
MARCOPOLO S.A.,"Máquinas, Equipamentos, Veículos e Peças",2025,2457885.0,2457885000.0,2.457885
IOCHPE MAXION S.A.,"Máquinas, Equipamentos, Veículos e Peças",2025,1791654.0,1791654000.0,1.791654
WHIRLPOOL S.A.,"Máquinas, Equipamentos, Veículos e Peças",2025,1361567.0,1361567000.0,1.361567
RANDONCORP S.A.,"Máquinas, Equipamentos, Veículos e Peças",2025,1263810.0,1263810000.0,1.26381
MAHLE METAL LEVE S.A.,"Máquinas, Equipamentos, Veículos e Peças",2025,1149960.0,1149960000.0,1.14996
RODOBENS SA,"Máquinas, Equipamentos, Veículos e Peças",2025,708466.0,708466000.0,0.708466
FRASLE MOBILITY S.A.,"Máquinas, Equipamentos, Veículos e Peças",2025,657869.0,657869000.0,0.657869
ROMI S.A.,"Máquinas, Equipamentos, Veículos e Peças",2025,201134.0,201134000.0,0.201134
TAURUS ARMAS S.A.,"Máquinas, Equipamentos, Veículos e Peças",2025,188530.0,188530000.0,0.18853
TECNOGERA-LOCAÇÃO E TRANSFORMAÇÃO DE ENERGIA S.A.,"Máquinas, Equipamentos, Veículos e Peças",2025,148872.0,148872000.0,0.148872
METALURGICA RIOSULENSE S.A.,"Máquinas, Equipamentos, Veículos e Peças",2025,123180.0,123180000.0,0.12318
METALFRIO SOLUTIONS S.A.,"Máquinas, Equipamentos, Veículos e Peças",2025,-637.0,-637000.0,-0.000637
INEPAR EQUIPAMENTOS E MONTAGENS S/A - EM RECUPERACAO JUDICIA,"Máquinas, Equipamentos, Veículos e Peças",2025,-8287.0,-8287000.0,-0.008287
LIFEMED INDUSTRIAL DE EQUIP. E ART. MEDICOS E HOSP. S.A,"Máquinas, Equipamentos, Veículos e Peças",2025,-27702.0,-27702000.0,-0.027702
RECRUSUL S.A.,"Máquinas, Equipamentos, Veículos e Peças",2025,-36684.0,-36684000.0,-0.036684
BARDELLA S.A. INDUSTRIAS MECANICAS EM RECUPERAÇÃO JUDICIAL,"Máquinas, Equipamentos, Veículos e Peças",2025,-51535.0,-51535000.0,-0.051535
LUPATECH S.A,"Máquinas, Equipamentos, Veículos e Peças",2025,-91948.0,-91948000.0,-0.091948
INEPAR S.A. INDUSTRIA E CONSTRUCOES EM RECUPERACAO JUDICIAL,"Máquinas, Equipamentos, Veículos e Peças",2025,-749998.0,-749998000.0,-0.749998
AERIS IND. E COM. DE EQUIP. PARA GER. DE ENG. S.A.,"Máquinas, Equipamentos, Veículos e Peças",2025,-3670412.0,-3670412000.0,-3.670412
COBRASMA S.A.,"Máquinas, Equipamentos, Veículos e Peças",2025,-8448168.0,-8448168000.0,-8.448168
SUZANO S.A.,Papel e Celulose,2025,6392981.0,6392981000.0,6.392981
ELDORADO BRASIL CELULOSE S.A.,Papel e Celulose,2025,5647295.0,5647295000.0,5.647295
KLABIN S.A.,Papel e Celulose,2025,3725156.0,3725156000.0,3.725156
CIA MELHORAMENTOS DE SAO PAULO,Papel e Celulose,2025,-29390.0,-29390000.0,-0.02939
UNIPAR CARBOCLORO S.A.,Petroquímicos e Borracha,2025,2077724.0,2077724000.0,2.077724
BORRACHAS VIPAL S.A.,Petroquímicos e Borracha,2025,428616.0,428616000.0,0.428616
METANOR SA METANOL DO NE,Petroquímicos e Borracha,2025,54899.0,54899000.0,0.054899
SANSUY S.A. INDUSTRIA DE PLASTICOS,Petroquímicos e Borracha,2025,-305457.0,-305457000.0,-0.305457
BRASKEM S.A.,Petroquímicos e Borracha,2025,-23013000.0,-23013000000.0,-23.013
PETROLEO BRASILEIRO S.A. PETROBRAS,Petróleo e Gás,2025,295228000.0,295228000000.0,295.228
PRIO S.A.,Petróleo e Gás,2025,12553085.0,12553085000.0,12.553085
PRIO FORTE S.A.,Petróleo e Gás,2025,10104849.0,10104849000.0,10.104849
BRAVA ENERGIA S.A.,Petróleo e Gás,2025,1003068.0,1003068000.0,1.003068
OCEANPACT SERVIÇOS MARITIMOS S.A.,Petróleo e Gás,2025,89877.0,89877000.0,0.089877
ORIGEM ENERGIA S.A.,Petróleo e Gás,2025,40203.0,40203000.0,0.040203
AZEVEDO & TRAVASSOS ENERGIA S.A.,Petróleo e Gás,2025,-48505.0,-48505000.0,-0.048505
CIA SANEAMENTO BASICO EST SAO PAULO,"Saneamento, Serv. Água e Gás",2025,36083244.0,36083244000.0,36.083244
CIA SANEAMENTO DE MINAS GERAIS-COPASA MG,"Saneamento, Serv. Água e Gás",2025,5465328.0,5465328000.0,5.465328
AEGEA SANEAMENTO E PARTICIPAÇÕES S.A.,"Saneamento, Serv. Água e Gás",2025,3083568.0,3083568000.0,3.083568
EQUIPAV SANEAMENTO S.A.,"Saneamento, Serv. Água e Gás",2025,3060363.0,3060363000.0,3.060363
VITAL ENGENHARIA AMBIENTAL S.A.,"Saneamento, Serv. Água e Gás",2025,792402.0,792402000.0,0.792402
SOLVI ESSENCIS AMBIENTAL S.A.,"Saneamento, Serv. Água e Gás",2025,532802.0,532802000.0,0.532802
ORIZON VALORIZAÇÃO DE RESÍDUOS S.A.,"Saneamento, Serv. Água e Gás",2025,296876.0,296876000.0,0.296876
ORIZON MEIO AMBIENTE S.A.,"Saneamento, Serv. Água e Gás",2025,91910.0,91910000.0,0.09191
IGUA SANEAMENTO S.A.,"Saneamento, Serv. Água e Gás",2025,-943213.0,-943213000.0,-0.943213
PORTO SEGURO S.A.,Seguradoras e Corretoras,2025,6114860.0,6114860000.0,6.11486
IRB - BRASIL RESSEGUROS S.A.,Seguradoras e Corretoras,2025,2393370.0,2393370000.0,2.39337
WIZ CO PARTICIPAÇÕES E CORRETAGEM DE SEGUROS S.A.,Seguradoras e Corretoras,2025,664476.0,664476000.0,0.664476
QUALICORP CONSULTORIA E CORRETORA DE SEGUROS S.A.,Seguradoras e Corretoras,2025,32112.0,32112000.0,0.032112
REDE D'OR SÃO LUIZ S.A.,Serviços Médicos,2025,8777743.0,8777743000.0,8.777743
FLEURY S.A.,Serviços Médicos,2025,1200325.0,1200325000.0,1.200325
BRADSAÚDE S.A.,Serviços Médicos,2025,1121670.0,1121670000.0,1.12167
CORPÓREOS - SERVIÇOS TERAPÊUTICOS S.A.,Serviços Médicos,2025,107516.0,107516000.0,0.107516
MPM CORPÓREOS S.A.,Serviços Médicos,2025,14806.0,14806000.0,0.014806
GSH CORP PARTICIPAÇÕES S.A.,Serviços Médicos,2025,-17938.0,-17938000.0,-0.017938
HOSPITAL ANCHIETA S.A.,Serviços Médicos,2025,-178197.0,-178197000.0,-0.178197
HOSPITAL MATER DEI S.A.,Serviços Médicos,2025,-211988.0,-211988000.0,-0.211988
HOSPITAL CARE CALEDONIA S.A.,Serviços Médicos,2025,-446655.0,-446655000.0,-0.446655
KORA SAÚDE PARTICIPAÇÕES S.A.,Serviços Médicos,2025,-589779.0,-589779000.0,-0.589779
ELFA MEDICAMENTOS S.A.,Serviços Médicos,2025,-721360.0,-721360000.0,-0.72136
ALLIANÇA SAÚDE E PARTICIPAÇÕES S.A.,Serviços Médicos,2025,-1489067.0,-1489067000.0,-1.489067
HAPVIDA PARTICIPAÇÕES E INVESTIMENTOS S.A.,Serviços Médicos,2025,-1583090.0,-1583090000.0,-1.58309
ONCOCLÍNICAS DO BRASIL SERVIÇOS MÉDICOS S.A.,Serviços Médicos,2025,-4388532.0,-4388532000.0,-4.388532
DIAGNOSTICOS DA AMERICA S.A.,Serviços Médicos,2025,-4657950.0,-4657950000.0,-4.65795
LOCALIZA RENT A CAR S.A.,Serviços Transporte e Logística,2025,7367560.0,7367560000.0,7.36756
ECORODOVIAS INFRAESTRUTURA E LOGÍSTICA S.A.,Serviços Transporte e Logística,2025,3560538.0,3560538000.0,3.560538
MRS LOGISTICA S.A.,Serviços Transporte e Logística,2025,2970573.0,2970573000.0,2.970573
LOCALIZA FLEET S.A.,Serviços Transporte e Logística,2025,1817264.0,1817264000.0,1.817264
"MILLS LOCAÇÃO, SERVIÇOS E LOGÍSTICA S.A.",Serviços Transporte e Logística,2025,1172902.0,1172902000.0,1.172902
MOVIDA PARTICIPACOES SA,Serviços Transporte e Logística,2025,1099714.0,1099714000.0,1.099714
EPR INFRAESTRUTURA PR S.A.,Serviços Transporte e Logística,2025,710074.0,710074000.0,0.710074
"VAMOS LOCAÇÃO DE CAMINHÕES, MÁQUINAS E EQUIPAMENTOS S.A.",Serviços Transporte e Logística,2025,709676.0,709676000.0,0.709676
VIX LOGÍSTICA S.A.,Serviços Transporte e Logística,2025,579184.0,579184000.0,0.579184
JSL S.A.,Serviços Transporte e Logística,2025,578032.0,578032000.0,0.578032
TEGMA GESTAO LOGISTICA S.A.,Serviços Transporte e Logística,2025,513575.0,513575000.0,0.513575
"ARMAC LOCAÇÃO, LOGÍSTICA E SERVIÇOS S.A.",Serviços Transporte e Logística,2025,498820.0,498820000.0,0.49882
SIMPAR S.A.,Serviços Transporte e Logística,2025,309083.0,309083000.0,0.309083
LOG-IN LOGISTICA INTERMODAL S.A.,Serviços Transporte e Logística,2025,147378.0,147378000.0,0.147378
UNIDAS LOCAÇÕES E SERVIÇOS S.A.,Serviços Transporte e Logística,2025,102273.0,102273000.0,0.102273
CLI SUL S.A.,Serviços Transporte e Logística,2025,57107.0,57107000.0,0.057107
"ALLPARK EMPREENDIMENTOS, PARTICIPAÇÕES E SERVIÇOS S.A.",Serviços Transporte e Logística,2025,10754.0,10754000.0,0.010754
UNIDAS LOCADORA S.A.,Serviços Transporte e Logística,2025,7484.0,7484000.0,0.007484
CORREDOR LOGÍSTICA E INFRAESTRUTURA S.A.,Serviços Transporte e Logística,2025,-7581.0,-7581000.0,-0.007581
HOLDING DO ARAGUAIA S.A.,Serviços Transporte e Logística,2025,-27653.0,-27653000.0,-0.027653
TURBI COMPARTILHAMENTO DE VEÍCULOS S.A.,Serviços Transporte e Logística,2025,-168712.0,-168712000.0,-0.168712
AUTOMOB PARTICIPAÇÕES S.A.,Serviços Transporte e Logística,2025,-391057.0,-391057000.0,-0.391057
ARTERIS S.A.,Serviços Transporte e Logística,2025,-625641.0,-625641000.0,-0.625641
HIDROVIAS DO BRASIL S.A.,Serviços Transporte e Logística,2025,-710333.0,-710333000.0,-0.710333
BBM LOGÍSTICA S.A.,Serviços Transporte e Logística,2025,-1190310.0,-1190310000.0,-1.19031
SEQUOIA LOGÍSTICA E TRANSPORTES S.A.,Serviços Transporte e Logística,2025,-1473813.0,-1473813000.0,-1.473813
TELEFÔNICA BRASIL S.A,Telecomunicações,2025,11734875.0,11734875000.0,11.734875
TIM BRASIL SERVIÇOS E PARTICIPAÇÕES S.A.,Telecomunicações,2025,5800850.0,5800850000.0,5.80085
DESKTOP S.A.,Telecomunicações,2025,361694.0,361694000.0,0.361694
BRISANET SERVIÇOS DE TELECOMUNICAÇÕES S.A.,Telecomunicações,2025,101678.0,101678000.0,0.101678
BRASIL TECNOLOGIA E PARTICIPAÇÕES S.A.,Telecomunicações,2025,57020.0,57020000.0,0.05702
TIM S.A.,Telecomunicações,2025,0.0,0.0,0.0
"BRAZIL TOWER, CESSÃO DE INFRA-ESTRUTURAS S.A",Telecomunicações,2025,-44675.0,-44675000.0,-0.044675
GIGA MAIS FIBRA TELECOMUNICAÇÕES S.A.,Telecomunicações,2025,-117326.0,-117326000.0,-0.117326
HIGHLINE BRASIL II INFRAESTRUTURA DE TELECOMUNICAÇÕES S.A.,Telecomunicações,2025,-501936.0,-501936000.0,-0.501936
ALGAR TELECOM S/A,Telecomunicações,2025,-528194.0,-528194000.0,-0.528194
V. TAL - REDE NEUTRA DE TELECOMUNICAÇÕES S.A.,Telecomunicações,2025,-12991140.0,-12991140000.0,-12.99114
PETTENATI S.A. INDUSTRIA TEXTIL,Têxtil e Vestuário,2025,91740345.0,91740345000.0,91.740345
VULCABRAS S.A.,Têxtil e Vestuário,2025,1735181.0,1735181000.0,1.735181
GUARARAPES CONFECCOES S.A.,Têxtil e Vestuário,2025,1710306.0,1710306000.0,1.710306
GRENDENE S.A.,Têxtil e Vestuário,2025,1380044.0,1380044000.0,1.380044
ALPARGATAS S.A.,Têxtil e Vestuário,2025,1350646.0,1350646000.0,1.350646
AZZAS 2154 S.A.,Têxtil e Vestuário,2025,1249798.0,1249798000.0,1.249798
C&A MODAS S.A.,Têxtil e Vestuário,2025,1039565.0,1039565000.0,1.039565
TRACK & FIELD CO S.A.,Têxtil e Vestuário,2025,260071.0,260071000.0,0.260071
KARSTEN S.A.,Têxtil e Vestuário,2025,188948.0,188948000.0,0.188948
CAMBUCI S.A.,Têxtil e Vestuário,2025,144808.0,144808000.0,0.144808
COMPANHIA INDUSTRIAL CATAGUASES,Têxtil e Vestuário,2025,39065.0,39065000.0,0.039065
CIA INDUSTRIAL SCHLOSSER S.A.,Têxtil e Vestuário,2025,-467.0,-467000.0,-0.000467
FIACAO E TECELAGEM SAO JOSE SA EM RECUPERACAO JUDICIAL,Têxtil e Vestuário,2025,-17600.0,-17600000.0,-0.0176
MUNDIAL S.A. - PRODUTOS DE CONSUMO,Têxtil e Vestuário,2025,-18152.0,-18152000.0,-0.018152
TEXTIL RENAUXVIEW S.A.,Têxtil e Vestuário,2025,-96538.0,-96538000.0,-0.096538
INBRANDS S.A.,Têxtil e Vestuário,2025,-166219.0,-166219000.0,-0.166219
